value__sum_values,value__number_peaks__n_50,"value__fft_coefficient__attr_""abs""__coeff_1","value__fft_coefficient__attr_""abs""__coeff_95","value__fft_coefficient__attr_""real""__coeff_95","value__fft_coefficient__attr_""imag""__coeff_84","value__fft_coefficient__attr_""imag""__coeff_1","value__fft_coefficient__attr_""abs""__coeff_10","value__fft_coefficient__attr_""abs""__coeff_93","value__fft_coefficient__attr_""abs""__coeff_90","value__fft_coefficient__attr_""abs""__coeff_91","value__fft_coefficient__attr_""imag""__coeff_97","value__fft_coefficient__attr_""imag""__coeff_96","value__fft_coefficient__attr_""real""__coeff_98","value__fft_coefficient__attr_""imag""__coeff_94","value__fft_coefficient__attr_""real""__coeff_97","value__fft_coefficient__attr_""real""__coeff_93","value__fft_coefficient__attr_""abs""__coeff_97","value__fft_coefficient__attr_""abs""__coeff_80","value__fft_coefficient__attr_""abs""__coeff_7","value__fft_coefficient__attr_""abs""__coeff_8","value__fft_coefficient__attr_""abs""__coeff_99","value__fft_coefficient__attr_""angle""__coeff_96","value__fft_coefficient__attr_""abs""__coeff_86","value__fft_coefficient__attr_""imag""__coeff_99","value__fft_coefficient__attr_""abs""__coeff_98","value__fft_coefficient__attr_""abs""__coeff_84","value__fft_coefficient__attr_""imag""__coeff_80","value__fft_coefficient__attr_""angle""__coeff_95","value__fft_coefficient__attr_""abs""__coeff_14","value__fft_coefficient__attr_""abs""__coeff_9","value__fft_coefficient__attr_""angle""__coeff_89","value__fft_coefficient__attr_""abs""__coeff_83","value__fft_coefficient__attr_""angle""__coeff_91","value__fft_coefficient__attr_""abs""__coeff_87","value__fft_coefficient__attr_""abs""__coeff_12","value__agg_linear_trend__attr_""rvalue""__chunk_len_50__f_agg_""var""","value__fft_coefficient__attr_""angle""__coeff_93","value__fft_coefficient__attr_""abs""__coeff_92","value__augmented_dickey_fuller__attr_""usedlag""__autolag_""AIC""","value__fft_coefficient__attr_""abs""__coeff_89","value__fft_coefficient__attr_""real""__coeff_91","value__fft_coefficient__attr_""imag""__coeff_2","value__fft_coefficient__attr_""angle""__coeff_87","value__fft_coefficient__attr_""real""__coeff_94","value__fft_coefficient__attr_""abs""__coeff_88","value__fft_coefficient__attr_""imag""__coeff_98","value__fft_coefficient__attr_""real""__coeff_96","value__fft_coefficient__attr_""abs""__coeff_63","value__fft_coefficient__attr_""real""__coeff_99"
77.97408920968441,0.2142857142857142,10.103344318052208,0.9016713760758728,-0.2403059514890911,-0.0459267043419001,2.0910172497934325,1.5313172271114894,0.7707621781782165,0.7396103882654262,0.9384892702071612,0.0,0.0,-0.0852633532002168,-0.141811723000207,-0.0465098537384451,0.2622923891325152,0.872865489473646,0.8815393144341306,2.018869178629929,1.6364495741024945,0.8844133699023724,77.14285714285714,0.8366017764596491,0.02905643210890355,0.8560080475031578,0.9398893378175666,0.1287375467571028,11.381393064979491,1.2551125308389175,1.6902864069881531,49.82004200896258,0.7965597350596612,14.30436139084264,0.7108199988750848,1.1266641859396536,0.7877652344343045,18.308544887473243,0.5989935859572363,10.428571428571429,1.1696059438379294,-0.3752914024448901,0.9673051089167382,29.007737733265373,-0.1766883692719393,0.9141230797522648,0.0497057586878529,0.0741847189885055,0.791435308143437,-0.024024321108036498
114.74588317596952,0.5714285714285714,17.4076008037958,1.085721694236356,0.0903162418847939,0.4255326316172572,4.961986762529288,2.0805360249770755,1.052019061715632,0.8807245095159623,1.1816365007048315,0.1619931860365245,0.1486892135517699,-0.1376942891374016,0.0075752896518645,-0.0598599040983447,-0.1259520352519386,0.8847277549179847,0.7349984635721416,3.1639972129256693,3.037425343505479,0.9493090430783088,10.472570491198368,1.157633289991667,0.2138114010602674,0.8560080475031578,1.2136173337806482,-0.1188781862479454,16.12359641753083,1.5496077388156213,2.3111248870362564,-42.03496826669527,0.8558412936090838,41.84322238157903,0.9813213247765185,2.0504170004089666,0.7756044461137324,20.532393695271274,1.1398060729984711,12.857142857142858,1.3079106643573526,-0.4548423168577291,3.0057606132879053,-12.249791670166038,-0.1697206126149373,0.7278436599750583,-0.109335370980417,-0.0988544187934709,1.159461252861938,-0.0399166293746258
74.6007427780429,0.2857142857142857,9.645247800449734,0.8625622930929475,-0.0499847549708925,0.1534043902347166,3.2240176955584814,1.2971366502202553,0.8203472547458234,0.8199611811223816,0.8555313026824667,0.0,0.0338851445264028,-0.0852633532002168,0.0211775669438897,-0.0465098537384451,-0.0881120981904148,0.872865489473646,0.7138448903078636,1.5953201362268972,1.8525010487060969,0.8844133699023724,6.766047348645208,0.6725314791836448,0.02905643210890355,0.8560080475031578,0.5854984428028697,-0.1172374345850445,11.07711211113273,1.3652317591114025,1.7835359349611244,3.0495366350479043,0.7193136383676154,5.425281891596567,0.8060652443968721,1.2573413898629144,0.8002590220570999,15.25397171660134,0.8649098554092258,9.357142857142858,0.954731353039705,-0.06684128634535165,2.697684450207107,1.4048999771128092,-0.0414841236957488,0.683519030081262,0.0497057586878529,-0.10733202138996005,0.7045037114967324,-0.024024321108036498
80.26096922730622,0.5,9.051016106160244,0.8625622930929475,-0.0499847549708925,0.0784970971595699,2.864145534580932,1.5033297656378248,0.8105667852081258,0.9187443378807132,0.7468890025374612,0.0,0.0338851445264028,-0.0852633532002168,0.0483646177384345,-0.0465098537384451,-0.4135971772197152,0.872865489473646,0.9843209570559434,2.1537579896427075,1.6438431597069332,0.8844133699023724,6.766047348645208,0.6980971440124947,0.02905643210890355,0.8560080475031578,0.8156840198295571,-0.0953705956101807,11.07711211113273,1.2929283757109098,1.6211404560993723,-0.3422739941168515,0.9254734358452222,-7.216908589999169,0.7597873683576424,1.1647184187265462,0.7632120213167136,-39.55739446690578,0.9843817498378132,8.642857142857142,0.6828863061336697,-0.039739206289364,2.240147947443629,-51.88471062069574,-0.0414841236957488,0.7719927398111635,0.0497057586878529,-0.10733202138996005,0.7168584550750332,-0.024024321108036498
110.94862919571264,0.7142857142857143,16.447266845369406,0.8852837179875009,-0.1299962107757444,-0.1283712704212657,4.641119067113968,2.189146473877829,0.7433316916793717,0.9034883088503062,1.2297879301755026,-0.4198139015470236,0.067906481930311,-0.2012536696995598,-0.2093210654145774,-0.185590102042463,0.0699571904290493,1.0975789442506847,0.9565122498252112,2.5797917258956526,2.6434148747434576,1.2706488987594782,11.770609178786936,1.1284438841797546,0.0941285164233267,1.1177992804987775,1.1213417333116178,0.5298598542113073,-13.361495571852714,1.552507765495743,2.035994860648231,41.80003543356628,1.0691342684586418,2.272165539520856,0.9834999907351716,2.223166336052197,0.5642704572800057,-7.897831912527794,1.1472798174548928,11.714285714285714,1.1956810594531808,-0.2279488067738368,3.5466918679800017,68.26296599047824,-0.1171562435013473,1.0231656497658412,0.2856638568786455,-0.2723219298292912,0.8379520757580774,-0.0296610181002867
79.88905245250055,0.4285714285714285,7.930116056061414,0.8625622930929475,-0.0499847549708925,0.0863179035223546,1.8405412958653584,1.411099995559471,0.6897233114985379,0.8665375325172313,0.8668218684481014,0.0,0.0338851445264028,-0.0852633532002168,0.0,-0.0465098537384451,-0.1811345528885777,0.872865489473646,0.7798528189306595,1.597364636905498,1.1422486127107223,0.8844133699023724,6.766047348645208,0.89829211677545,0.02905643210890355,0.8560080475031578,0.7961392854643038,-0.1767141418471862,11.07711211113273,0.8019602756583274,1.303863807978036,-10.663412221679788,0.8327954710713498,-42.5253505545647,0.8853029758615586,1.1106919585599884,0.6648288778037783,32.690909628949875,0.6610127116415662,10.285714285714286,0.723799527582129,0.4411386552372183,1.2035959091437791,22.005172576445904,0.0297280358793366,0.7110502631647694,0.0497057586878529,-0.10733202138996005,0.6456076480693576,-0.024024321108036498
107.03332062787906,0.7857142857142857,14.658241420302392,1.112020341841595,-0.1273950495980942,0.116291629952239,3.6170732135335766,1.7733704431354318,0.7228607061825268,1.0122454130688392,1.061694025755854,-0.1235224983843474,-0.1946048543369122,0.0604737488701624,0.1911306865486047,-0.0702651911741079,-0.1341846044182758,1.0141455007333195,0.902724008449076,2.2429831050669238,2.326964456575508,0.8851206600813126,-28.486420559153512,0.919071110616242,0.0416719232000951,0.8998257779488714,0.9775653449747852,0.0216948275473212,15.088022208606043,1.1951606145608216,2.031527632699841,26.00408150282592,0.7815924808082926,-57.73046304696828,0.905689307890422,1.3384352817925635,0.2782954109918689,-22.18354064226019,0.9535204508446694,11.0,0.9787447850211528,-0.2183984895873814,2.0115113484027694,24.881115207054503,0.171354595341811,0.8142086877985087,0.3913281513712699,-0.1225069961382514,1.0096641342804349,-0.0651503377357433
64.0358824529233,0.2857142857142857,5.673209051186485,0.8625622930929475,-0.0499847549708925,0.016644265328876848,1.443405275243456,0.6636187616395143,0.8203472547458234,0.8199611811223816,0.8555313026824667,0.0,0.0338851445264028,-0.0852633532002168,0.0211775669438897,-0.0465098537384451,-0.0881120981904148,0.872865489473646,0.8100805053875462,1.1252274118761834,1.188517801320203,0.8844133699023724,6.766047348645208,0.8617128066106272,0.02905643210890355,0.8560080475031578,0.8154875874501354,0.026066493367060947,11.07711211113273,0.7879425153168187,0.9031154531551472,7.134955233267827,0.8274056287139723,5.425281891596567,0.8677718790118685,0.9153474780426168,0.4725082787526323,15.25397171660134,0.8649098554092258,8.285714285714286,0.8464004798799081,-0.06684128634535165,0.7222067322927774,10.653788655031121,-0.0414841236957488,0.8107842740169388,0.0497057586878529,-0.10733202138996005,0.5736172572250471,-0.024024321108036498
83.44837250032775,0.2857142857142857,10.804558327851185,0.8593059221402716,-0.0191359174066733,0.1090050191546989,3.952397082750556,1.9984079349556048,0.7356201909768015,0.7346343175945954,0.7581578733612354,0.1661643919435157,-0.0790488232090155,-0.1751182291105619,0.2382593896638301,-0.1320303515637642,-0.2794938186679594,1.0707545481515583,0.7417495976540984,2.159663792208544,2.0922337948986147,0.8356183228152091,6.775859927074639,0.6143409219538346,-0.0468179326152695,0.7490166260203047,0.8544964508690125,-0.1760943284159256,-18.939678362015407,1.521506049324396,1.986942319111477,45.73614362104328,0.875752443237827,5.666265498936009,1.018424723872584,1.3892747918665438,0.04138163362854,32.90251653000204,0.6246237146267307,10.0,0.6853885366100065,-0.2199944322765723,2.8358054958964503,29.31173041666,-0.0096252241416757,0.7387034014268095,0.0119311777644467,-0.209714228734013,0.7903813667803019,-0.1358155969231263
89.65011554403746,0.2857142857142857,13.176831326839888,0.9283316709967816,-0.3316669967550288,0.1695373320428041,3.5775466273031555,1.8026320736784835,0.9397717499591076,0.935097549152954,0.8676390751569193,-0.0392026286615358,0.5189735536271384,-0.0993390998328368,-0.0220486168643749,0.0792437238640499,-0.3506115844422129,0.7760890619664023,0.6799659333161422,2.2714365162821726,2.280707864319188,0.6997597220857186,24.26385070167322,0.8963259458577164,0.2002869815801197,0.8608178416589227,0.6678528944114345,0.1131077821200844,19.419474919797324,1.2459853694028642,1.919634418016468,-11.494081277658267,0.8412174974971266,28.68562000150849,0.7408349581671078,1.686827330022229,0.6888211785533999,-17.603358266995365,1.0137179138589516,11.214285714285714,0.7915008325882921,-0.1977770822072296,2.289811385586358,-40.87586147504278,0.1309044607724155,0.9350906673326388,-0.0759315108823456,-0.0175585500738739,0.861168563227473,0.0448355881986504
98.6812708049448,0.5714285714285714,13.260541888051096,1.0139860566149037,0.0845578946087265,0.2165307121638283,4.056587862293887,1.8972900777713757,0.7392155036884329,1.1371763590633197,0.9395510751393318,0.02167080791531,-0.1280918722352443,-0.2313495550455536,0.0211775669438897,-0.2835796608790906,0.1162114406267403,0.764206887107864,0.9245696840567847,2.640118236679581,2.232990562290902,0.7855877624147383,-23.729323727088765,0.8509075911204829,-0.0710844325359234,0.8877410114687254,0.9525031176531994,0.0304381591868007,22.89763635536432,1.3189420488833776,1.9799715505900293,40.28809688110731,0.8991176170950591,19.52083282010131,0.804327251828233,1.4044037688293185,0.6974543778431551,34.45388417617732,0.5567173564372088,11.5,0.9779828681760296,-0.2118697922431694,2.899608478574028,62.92408825398546,0.2509727878554362,0.7757699968413191,0.0453667461638336,0.0272855797651079,1.100012967763019,-0.1299960244539551
72.2568756806694,0.6428571428571429,6.8100291243296125,0.8625622930929475,-0.0499847549708925,-0.3183073183941091,1.7341553544475612,0.9462484669474868,0.8203472547458234,0.8199611811223816,0.8555313026824667,0.0,0.0338851445264028,-0.0852633532002168,0.0211775669438897,-0.0465098537384451,-0.0881120981904148,0.872865489473646,0.915191205810271,1.3092589274674575,1.3074486644903969,0.8844133699023724,6.766047348645208,0.8617128066106272,0.02905643210890355,0.8560080475031578,0.7007566380667579,-0.1163691203413239,11.07711211113273,0.982577183892191,1.2127004629833107,7.134955233267827,0.7668316418290433,5.425281891596567,0.8677718790118685,0.94396232960464,0.3624698172853424,15.25397171660134,0.8649098554092258,8.785714285714286,0.8464004798799081,-0.06684128634535165,1.0721582126950104,10.653788655031121,-0.0414841236957488,0.8107842740169388,0.0497057586878529,-0.10733202138996005,0.6763119294036303,-0.024024321108036498
70.63897939596862,0.1428571428571428,7.036337371304812,0.8625622930929475,-0.0499847549708925,0.016644265328876848,2.1485690028906297,1.2384159335466094,0.8203472547458234,0.8199611811223816,0.8555313026824667,0.0,0.0338851445264028,-0.0852633532002168,0.0211775669438897,-0.0465098537384451,-0.0881120981904148,0.872865489473646,0.7343227803790822,1.3216144689938143,1.083057935991536,0.8844133699023724,6.766047348645208,0.8617128066106272,0.02905643210890355,0.8560080475031578,0.8154875874501354,-0.0165350247677294,11.07711211113273,0.901145522031044,1.1906635212746068,7.134955233267827,0.8274056287139723,5.425281891596567,0.8677718790118685,1.1993544528419344,0.3113197901396424,15.25397171660134,0.8649098554092258,9.5,0.8464004798799081,-0.06684128634535165,1.59208139643453,10.653788655031121,-0.0414841236957488,0.8107842740169388,0.0497057586878529,-0.10733202138996005,0.8905638860174134,-0.024024321108036498
78.96403488167587,0.2857142857142857,7.612668279750073,0.8625622930929475,-0.0499847549708925,0.0060097392180604,2.220195634530425,0.960150715440775,0.8203472547458234,0.6357025070008403,0.8555313026824667,0.0,0.0338851445264028,-0.0852633532002168,0.0211775669438897,-0.0465098537384451,-0.0881120981904148,0.872865489473646,0.8695736350886786,1.6503131530676227,1.562993885482454,0.8844133699023724,6.766047348645208,0.6792468256305326,0.02905643210890355,0.8560080475031578,0.7267793372132064,-0.2765178421893826,11.07711211113273,1.1810568111677018,1.1690487183184015,-13.902396480601364,0.6256110675686539,5.425281891596567,0.5933455673449984,0.8664874873878088,0.3875367499291939,15.25397171660134,0.8649098554092258,10.0,0.8105973609668612,-0.06684128634535165,1.3419808092293393,48.8186806318294,-0.0414841236957488,0.6982111358140741,0.0497057586878529,-0.10733202138996005,0.9148812181116216,-0.024024321108036498
83.10512455956204,0.4285714285714285,12.42302428110356,0.8631004358418046,-0.2314057138415418,0.0834003791702051,2.585383140114875,1.3004066840100774,0.8038062673090697,0.7467240876379057,0.8952868403112975,0.096739876480014,0.0227486442462298,-0.0837404515168556,0.2455004903699457,0.1318155756943779,0.2122989833005709,0.6737398247100671,0.5668367622580613,1.9794881656147372,1.937082928815536,0.9615970644187256,-23.97570629801731,0.8863455688330958,0.016440941017712,0.7690921796416367,1.0886811028348569,-0.1725918054435982,43.28808138125285,1.0814170179761442,1.6038628475267058,-17.16314136460532,0.891866051181169,30.859864825096327,0.898693075434224,1.346160397922315,0.2806319516275832,0.8767322346881394,0.8130272947954501,10.285714285714286,0.6814897896951673,-0.1962402371635661,1.9925675236710243,-39.9509557709531,-0.4663021130985173,0.6800405022698698,0.0497057586878529,-0.2708474137296732,0.7840681023951009,-0.3322461433708659
91.0239597441892,0.5714285714285714,7.448048954328335,0.8625622930929475,0.0082265640277333,-0.0160046709448166,1.5762884804936956,1.1415094217797552,0.8566024053508215,0.852048246580539,1.01155389898422,0.2546405209740809,-0.0118228989375781,-0.2372273242465072,0.1590156731427332,-0.0277832114748067,-0.0960657737039236,0.8750809787377796,0.7848257871245813,1.4533028188570765,1.3285750751932657,0.7317255979997646,-3.66966127634523,0.7311993593873375,-0.097366588176263,0.8756785274293643,0.8958189271283514,-0.5155707421144651,19.160298985623022,1.1760612306466012,1.142233538147338,-14.348385420245924,0.7526850471982717,24.822509971334437,0.7188016607163373,0.8743923269182313,0.2132209231770489,-14.160406899470876,0.6490247598913604,8.142857142857142,0.7620010107478148,0.1336118493365795,0.8071514556287747,1.3329309863300136,0.0077441692015918,0.687234671261713,-0.3343156882775405,-0.1162392182055565,0.87357470830215,-0.0183876241157863
115.07766871220554,0.3571428571428571,15.004744874188138,1.0864997470830633,0.3661517355993407,-0.0293077447800672,4.377583112810585,1.9655908453753752,0.9784963080786488,0.8479707031996453,1.0669597738704115,-0.4522695527025339,0.1908445938741923,-0.5672452677043985,-0.0678135466244423,-0.0237709825367761,-0.1878095885170699,1.020371306310783,1.165910361021251,3.595977633554977,2.85613963421429,0.8105879833889464,-25.86640674291596,1.1412008378683844,-0.0353873075595092,1.0937729993315644,0.9136382847694626,0.0347457836997226,35.47776752325075,1.5176828188109417,2.416134496605708,27.42689300285594,0.7957907199446324,43.55207123875764,1.0429292401895915,1.6514663236002791,0.6151836634717152,39.67515319921728,0.8682199030165759,13.357142857142858,0.9517355155564192,-0.2214383346012183,3.3104088171770063,13.7649598342509,0.0723543141563939,0.8237515397340476,0.0851033040139437,-0.3469645672815934,1.1183778942984957,0.0145500949219086
81.172219724426,0.2857142857142857,10.594048265089173,0.6023724633009114,-0.3583329489008019,0.201930075339658,3.7030707335612334,1.464372616397388,0.844238063340074,0.6194140634793254,0.7169556599332082,-0.0712547961460287,-0.1406410620453734,-0.0852633532002168,0.0503706655817426,0.2467776576208782,-0.3565560151306556,0.9325748586844694,0.8629492900275081,2.366277574330484,1.9960354729852376,0.8844133699023724,-7.132728391880298,0.7825930091415866,0.02905643210890355,0.8560080475031578,0.9255411697151588,0.2251034924564615,-3.543607889589824,1.193513559243401,1.954139158837104,61.52329311419776,0.7092188635485398,-35.356331164351296,0.8810766306302522,1.4964060792550904,0.7943162392375749,123.93635629043364,0.83515810281669,10.714285714285714,0.8289507778964139,-0.1629305512474902,2.5481427078393435,11.058147685634262,-0.1329479267204822,1.0681252722143042,0.0497057586878529,-0.1659158593678579,0.8117804074266585,-0.024024321108036498
68.02535750429982,0.3571428571428571,6.418390813675267,0.8625622930929475,-0.0499847549708925,0.016644265328876848,1.4394736323316888,1.108998881348637,0.8203472547458234,0.8199611811223816,0.8555313026824667,0.0,0.0338851445264028,-0.0852633532002168,0.0211775669438897,-0.0465098537384451,-0.0881120981904148,0.872865489473646,0.8100805053875462,1.1731728825556045,1.437346569057384,0.8844133699023724,6.766047348645208,0.8617128066106272,0.02905643210890355,0.8560080475031578,0.8154875874501354,0.026066493367060947,11.07711211113273,0.8235798217787735,1.062138349640266,7.134955233267827,0.8274056287139723,5.425281891596567,0.8677718790118685,0.6626308839507626,0.0276021189487216,15.25397171660134,0.8649098554092258,8.0,0.8464004798799081,-0.06684128634535165,0.611852049126129,10.653788655031121,-0.0414841236957488,0.8107842740169388,0.0497057586878529,-0.10733202138996005,0.6089686977375448,-0.024024321108036498
100.5214113538548,0.7857142857142857,9.463499828437184,0.805028354288479,0.0986103310616976,-0.034720487024401,2.710941372184052,1.5160190452266955,0.8957028110837174,0.9734538256497336,0.8509253743476811,-0.1278980403831432,-0.1003494584049939,-0.2506286352625614,-0.1997196975020092,-0.0166335046604261,-0.0297514974618541,0.7266513532754036,0.7135726034164563,1.7580023132563125,1.4642243002872493,0.9649836720428648,-17.068726737714133,1.00230315931675,-0.0435087138258524,0.6605958106982819,0.7477684229507731,0.111100444870283,17.144110772859765,1.212264434935854,1.227488129564739,38.99981950970831,0.6813101182708753,-7.229407371112925,1.0493497063180923,1.134385210268399,0.3068481691967895,52.759319420418144,0.8058228291928913,9.285714285714286,0.8839246292823021,-0.0719916004539877,1.306879517284622,-54.61917032515049,0.3995796806851287,0.8326634404934892,0.2355964448688744,-0.1917313788376198,1.0353825581651743,0.1188940394722512
82.71437293894314,0.6428571428571429,8.29999719447453,0.6994960389037325,0.1811442645669396,-0.031861918584399,2.808345613233193,1.4244454216719795,0.6522403549739871,0.7312387351545783,0.8051704549436762,-0.0023269380110358,-0.0859723958464597,-0.0852633532002168,0.2063061620616061,-0.0100253484114518,-0.0008456885530069,0.6695286560531589,0.8611534835148038,1.6346863925370092,1.6832649980006271,0.8844133699023724,2.7163421425978878,0.8617128066106272,0.02905643210890355,0.8560080475031578,0.8701703207126691,0.0663116932347715,-2.0910229514839704,1.1345383520986445,1.2392171426510914,-42.36109779892712,0.8447306799578315,7.3817641777133565,0.8548011969678021,1.4400056881790375,0.7448172021660964,-2.433070800865896,0.762093324478996,10.357142857142858,0.7946809888590044,-0.0949400479988069,1.8059469268738408,29.43718923912881,-0.186408723142694,0.8766165298147524,0.0497057586878529,0.0899877900968316,0.7674712131554496,-0.024024321108036498
87.42607538918678,0.7142857142857143,7.213229521206498,0.679944754250316,0.0064130327695339,-0.1101862770523317,1.9952097055291076,1.1290500234983016,0.7007262209844426,0.7929621377279725,0.781684651054106,0.2647273456561091,0.0424083218283945,0.0667216450965449,-0.4000811013788846,0.3243928264646759,-0.1831790408144897,0.7463434051291208,0.8053710623011218,1.5451807411841347,1.22588974699666,0.8837060797234321,28.82532714765307,0.6469169541728083,0.1242987366108299,0.9495962562841568,0.8417157122996173,0.0515876336499578,-9.421578554396572,1.159979822200128,1.2382568382406058,32.750322511939835,0.8058020712577669,27.85951789774121,0.8225167551285619,0.958766112078546,-0.1814228494099188,42.16759610835195,0.7202468454272276,8.857142857142858,0.6983721732768815,0.1763574846280467,1.0272347946544544,-36.26125384423025,-0.0647611332711701,0.758425745531648,0.0430841986521411,-0.2430834315206203,0.9326473734777389,-0.2024566231859339
71.55147691411086,0.2142857142857142,7.226969413543505,0.8625622930929475,-0.0499847549708925,0.0,1.7927531118046809,0.9453620639449356,0.8203472547458234,0.8199611811223816,0.8555313026824667,0.0,0.0338851445264028,-0.0852633532002168,0.0211775669438897,-0.0465098537384451,-0.0881120981904148,0.872865489473646,0.7352120905117736,1.2985172400201055,1.184179719300422,0.8844133699023724,6.766047348645208,0.8617128066106272,0.02905643210890355,0.8560080475031578,0.5505336688276893,-0.2174819337344321,11.07711211113273,0.8593248253037901,1.1605526895748317,7.134955233267827,0.678091059325478,5.425281891596567,0.8677718790118685,0.9240967264043046,0.2605872688664766,15.25397171660134,0.8649098554092258,8.785714285714286,0.8464004798799081,-0.06684128634535165,1.1123984118215309,10.653788655031121,-0.0414841236957488,0.8107842740169388,0.0497057586878529,-0.10733202138996005,0.6573585859109272,-0.024024321108036498
60.92703065885289,0.0714285714285714,7.86516847916215,0.8625622930929475,-0.0499847549708925,0.016644265328876848,1.5986597326128715,1.1499199346014006,0.8203472547458234,0.8199611811223816,0.8555313026824667,0.0,0.0338851445264028,-0.0852633532002168,0.0211775669438897,-0.0465098537384451,-0.0881120981904148,0.872865489473646,0.8100805053875462,1.5391468119904814,1.4618288414067178,0.8844133699023724,6.766047348645208,0.8617128066106272,0.02905643210890355,0.8560080475031578,0.8154875874501354,0.026066493367060947,11.07711211113273,1.213630883707489,1.2757995932264006,7.134955233267827,0.8274056287139723,5.425281891596567,0.8677718790118685,0.8702790257362458,0.8835247472422972,15.25397171660134,0.8649098554092258,9.142857142857142,0.8464004798799081,-0.06684128634535165,0.8482585846533339,10.653788655031121,-0.0414841236957488,0.8107842740169388,0.0497057586878529,-0.10733202138996005,0.6550191032679719,-0.024024321108036498
98.30381250867842,0.7142857142857143,10.015902310374916,0.7395717611364434,0.0817220753747838,-0.0318537943413343,2.909749433188909,1.516815957227026,0.8341784785448436,0.8538976818912205,0.9415992649124554,-0.333770196265104,-0.2019467055472252,0.1644185284254,0.1780424799872851,0.1302643561558278,-0.3126977496549746,0.9748091579440208,1.1173831134442238,1.9408011387488664,1.435925771588707,1.0709231819266352,-41.70445983183846,0.7451377321274573,0.262894752604132,0.6743715308114169,0.6168649274498573,-0.226438090625815,-36.44518290814653,1.3805730172745674,1.561082354238658,23.88496746850646,0.8080279159320678,0.3229197802054219,0.8401121878551683,1.2486971223158123,0.4415442383345622,-12.05683052089494,0.8421677100932,8.714285714285714,0.8419844261898658,0.0443456331286764,2.4868159596815973,15.307485964973043,0.0529236455224763,0.799253551529467,-0.3663728953447041,-0.3194317935657981,0.7696221880988431,0.1367968667512832
86.79021494163099,0.5,7.363807587281219,0.6344399084498009,-0.1856711125057622,-0.1108862083934764,2.68654879093791,1.1582620020533487,0.834934948823837,1.0093236344810488,0.8550989859202162,0.4136203688428115,0.1197041092469798,-0.0597232306133549,-0.0826768047383512,-0.2396418925526144,-0.0331276088578957,0.9584584334929552,0.8598827459243955,1.6615020526052189,1.820422781241527,0.8323490709843224,-1.107971305767139,0.8270604673924231,-0.0268908135208858,0.874630232119573,1.039233087572511,-0.0175738158888749,-57.58147603023773,0.6401641168423107,1.3044291084300568,32.028614104167744,0.6926336783979218,-14.283745800954694,0.8184935850621008,1.1104690383032707,0.5373549604596773,13.837967880047728,0.997602682908969,8.142857142857142,0.8920589029260807,-0.1944183201903053,1.7689448011207405,-15.357453037610355,0.2215017198541863,0.9541740631862974,0.1927915206475929,0.0235889435254772,0.7469000255395744,-0.1355217475550914
67.4760591080114,0.2857142857142857,7.112614973393514,0.8625622930929475,-0.0499847549708925,0.016644265328876848,2.1066191289380543,1.1386115433982738,0.8203472547458234,0.8199611811223816,0.8555313026824667,0.0,0.0338851445264028,-0.0852633532002168,0.0211775669438897,-0.0465098537384451,-0.0881120981904148,0.872865489473646,0.8100805053875462,1.3253231129081209,1.0572851645821513,0.8844133699023724,6.766047348645208,0.8617128066106272,0.02905643210890355,0.8560080475031578,0.8154875874501354,0.026066493367060947,11.07711211113273,0.8559162599666681,1.08775289546323,7.134955233267827,0.8274056287139723,5.425281891596567,0.8677718790118685,1.0889764717534047,0.0893698930913624,15.25397171660134,0.8649098554092258,9.571428571428571,0.8464004798799081,-0.06684128634535165,1.5706564429925198,10.653788655031121,-0.0414841236957488,0.8107842740169388,0.0497057586878529,-0.10733202138996005,0.7688480191932813,-0.024024321108036498
66.68510385523031,0.1428571428571428,10.04644884213007,0.8625622930929475,-0.0499847549708925,0.016644265328876848,2.7810469003044367,1.235650868925582,0.8203472547458234,0.8199611811223816,0.8555313026824667,0.0,0.0338851445264028,-0.0852633532002168,0.0211775669438897,-0.0465098537384451,-0.0881120981904148,0.872865489473646,0.7521463493060753,1.7215823577778857,1.5905462712323932,0.8844133699023724,6.766047348645208,0.8617128066106272,0.02905643210890355,0.8560080475031578,0.8154875874501354,-0.128504754325553,11.07711211113273,1.2347257012385064,1.3718613114423903,7.134955233267827,0.8274056287139723,5.425281891596567,0.8677718790118685,1.0799048765535786,0.4338963918969598,15.25397171660134,0.8649098554092258,10.5,0.8464004798799081,-0.06684128634535165,1.5018328599523494,10.653788655031121,-0.0414841236957488,0.8107842740169388,0.0497057586878529,-0.10733202138996005,0.849694552258261,-0.024024321108036498
69.19827389437246,0.2142857142857142,7.72158660409779,0.8625622930929475,-0.0499847549708925,0.016644265328876848,1.9122249233518207,1.2177327728137315,0.8203472547458234,0.8199611811223816,0.8555313026824667,0.0,0.0338851445264028,-0.0852633532002168,0.0211775669438897,-0.0465098537384451,-0.0881120981904148,0.872865489473646,0.7475551511352485,1.321800820521221,1.290703587536664,0.8844133699023724,6.766047348645208,0.8617128066106272,0.02905643210890355,0.8560080475031578,0.8154875874501354,0.0519621547006637,11.07711211113273,0.940864947604192,1.0407449955180372,7.134955233267827,0.8274056287139723,5.425281891596567,0.8677718790118685,0.7646289419014597,0.5242596413584304,15.25397171660134,0.8649098554092258,7.642857142857143,0.8464004798799081,-0.06684128634535165,1.1014161654224843,10.653788655031121,-0.0414841236957488,0.8107842740169388,0.0497057586878529,-0.10733202138996005,0.7476832563427264,-0.024024321108036498
77.21828728846347,0.5714285714285714,11.5904022191106,0.7779418201581952,-0.0977257501450826,-0.0452478912317105,2.269065008558528,1.6538576631830373,0.7469935396423685,0.6438422074025463,0.8464263028119373,0.0,0.2440456340165537,-0.0852633532002168,0.1342000128945102,-0.3794156112847319,-0.214166729038416,0.5789311199161755,0.7817018013656313,2.1063428012424623,1.6147717105413173,0.8844133699023724,45.27181178131007,0.7820208442756013,0.02905643210890355,0.8560080475031578,0.6931763568500573,-0.1705555180715774,47.547997751388,1.2951402454126997,1.9391271861123367,59.124058849089856,0.8874047403654207,55.18557880630635,1.0562926007271656,1.6610248585443723,0.778475916437751,42.96185338135793,0.6710829266205222,10.714285714285714,0.8505206358334281,-0.2390082518711533,1.5206701862371568,39.32462056087172,-0.0390487918974619,0.6455876511013371,0.0497057586878529,0.1349994748653973,0.6868540818415979,-0.024024321108036498
94.2220116219972,0.7142857142857143,13.720808725942431,0.8520653793737711,-0.0737282540707215,-0.05121955264922,2.8745854692848147,1.8115797210132736,0.9072792150815302,1.1395148466835985,0.9382006965811934,0.1610434892060363,-0.1847353580064068,-0.1494572184978231,0.1404840750296916,-0.197049928236971,-0.1254385183552415,0.9070122700058644,0.8743694007775423,2.6688260691980963,2.2054550974225067,1.0798645064288916,-31.599734281876117,0.7002796182501811,0.0449376128584375,0.8109781691455246,0.7876273846245405,0.3543960082431486,20.266038967787782,1.3487065601920636,2.04273513901457,-25.752353162533364,0.94587461472203,20.64742689954303,1.1679855962283323,1.5994393672997929,0.6751453311933335,-13.98745287616215,0.9728597388684302,11.142857142857142,0.8374513618893634,-0.269287565274629,1.6834290452582603,25.217276005281004,0.006672977507074,0.959043068371778,0.1096609086372731,0.046459167588397,0.9606226387467728,0.0364913811923016
82.84738761263092,0.2142857142857142,7.681244399906964,0.8274461291290827,0.104204660034661,-0.1610355807666813,2.238075170275002,0.8624401397575066,0.775333416876949,0.7265705450873291,0.634013481077034,0.0,0.0338851445264028,-0.0852633532002168,0.0699584110500306,-0.0465098537384451,-0.1706088747062935,0.872865489473646,0.7299019580982825,1.2234029112596163,1.2546828895852478,0.8844133699023724,6.766047348645208,0.7149467251878877,0.02905643210890355,0.8560080475031578,0.803650328601101,-0.1285109476507643,32.98782637335541,0.9409401224178248,1.13049599796371,-38.37505157968487,0.7055007651923971,57.87749240150119,0.8191216934172709,1.069716059377566,0.5536610539274955,-20.81588849228158,0.8932739778948929,9.857142857142858,0.6935396729963611,-0.0385757731082073,1.2998782045987365,-22.116216976263665,-0.0369264151635181,0.6298514193911104,0.0497057586878529,-0.10733202138996005,0.7850222496170405,-0.024024321108036498
80.00901880293362,0.5,11.969336216830309,0.6873805305285876,-0.1467943976049754,-0.2209511550794296,2.8453220460603736,1.4613474900786307,0.8750182846579199,0.7054823326439321,0.8154630541283988,0.1906990463926154,-0.2661140051191957,-0.2738667998342642,-0.024913972723533,0.0144716725268416,0.0555007986179258,0.853203351992186,0.7844223869715906,1.916431211475267,2.404055507856509,0.9738476293904968,-65.88371103961569,0.9868767818980112,0.148637950467204,1.026411382994524,0.7786390482338703,0.0576139998046563,60.99464686273397,1.2517916943796277,1.5634772133494934,7.134955233267827,0.9145433586922624,57.92512083498568,0.9973616745039486,1.4466633610851485,0.7528986681741363,39.98756120867034,0.8339377916825591,9.928571428571429,0.8068170903291713,-0.3214226982232712,1.8954247112721736,3.833130969226606,0.0723827816414329,0.7132402983037036,0.367788096287057,-0.1152801471356691,0.9492377795134008,-0.1740360513358863
83.61845089954004,0.4285714285714285,8.722535251703265,0.7456215263186905,0.2263219130302949,0.0921698190892311,2.856234194200128,1.4965740861374002,0.7207361097993186,0.7354137857396456,0.6552227411606956,-0.11791739224305,-0.2185057933488108,-0.0852633532002168,-0.0256676951680511,0.0231581252746951,-0.2976119609190898,0.7688999018803708,0.6997946063276116,2.1653044043378027,1.3112159174077145,0.8844133699023724,-3.6675840066252174,0.7518515683598223,0.02905643210890355,0.8560080475031578,0.6323447839566886,-0.0811806928534444,40.86174275209493,1.2773267214720077,1.7236383402762403,-41.9268800128757,0.8691673918120045,38.7569356814647,0.6685724178354475,1.05668036119578,0.587375492876476,18.177044100579373,0.8705652532528522,9.5,0.7018527949187855,-0.0654554784777925,1.8907415386030733,52.80795219515347,0.0465639892574918,0.9603978310249704,0.0497057586878529,-0.3424254569224416,0.917544807956283,-0.024024321108036498
75.9300951448613,0.1428571428571428,8.866257571724324,0.8625622930929475,-0.0499847549708925,-0.0158594723989862,2.416834027394207,1.0686584482744972,0.8203472547458234,0.9227277370899952,0.8555313026824667,0.0,0.0338851445264028,-0.0852633532002168,0.0211775669438897,-0.0465098537384451,-0.0881120981904148,0.872865489473646,0.788717595170994,1.508368228244435,1.470798213780863,0.8844133699023724,6.766047348645208,0.4535031243139671,0.02905643210890355,0.8560080475031578,0.6858514753504936,-0.0042594369872427,11.07711211113273,1.0242419270423575,1.0617398027518876,-29.677346158231355,0.6530200125163131,5.425281891596567,0.8067506096936438,1.2152555049561646,0.5002426350479693,15.25397171660134,0.8649098554092258,9.428571428571429,0.6545475048707524,-0.06684128634535165,1.3137187137813626,31.113501066487974,-0.0414841236957488,0.8411342899314205,0.0497057586878529,-0.10733202138996005,0.9395084261629132,-0.024024321108036498
68.04952015357537,0.2857142857142857,6.8165514376285845,0.8625622930929475,-0.0499847549708925,0.016644265328876848,1.5910658297783298,0.9935357758921146,0.8203472547458234,0.8199611811223816,0.8555313026824667,0.0,0.0338851445264028,-0.0852633532002168,0.0211775669438897,-0.0465098537384451,-0.0881120981904148,0.872865489473646,0.8100805053875462,1.5766564645137326,1.238697931097964,0.8844133699023724,6.766047348645208,0.8617128066106272,0.02905643210890355,0.8560080475031578,0.8154875874501354,0.026066493367060947,11.07711211113273,1.0574491796408432,0.8885879646187157,7.134955233267827,0.8274056287139723,5.425281891596567,0.8677718790118685,0.9150910227074236,0.1441101161682915,15.25397171660134,0.8649098554092258,8.714285714285714,0.8464004798799081,-0.06684128634535165,0.9698288159608196,10.653788655031121,-0.0414841236957488,0.8107842740169388,0.0497057586878529,-0.10733202138996005,0.6802443266436363,-0.024024321108036498
71.12050710116627,0.2857142857142857,7.757717097089476,0.8625622930929475,-0.0499847549708925,0.0102616573499347,1.441180527895635,0.9558593952677644,0.8203472547458234,0.8199611811223816,0.8555313026824667,0.0,0.0338851445264028,-0.0852633532002168,0.0211775669438897,-0.0465098537384451,-0.0881120981904148,0.872865489473646,0.7140524977798103,1.7050229912362038,1.4466427251606715,0.8844133699023724,6.766047348645208,0.8617128066106272,0.02905643210890355,0.8560080475031578,0.7450341906063876,-0.113160389442614,11.07711211113273,1.0367893316362256,1.1663278112022442,7.134955233267827,0.8274056287139723,5.425281891596567,0.8677718790118685,0.962237110584292,0.5800929436726501,15.25397171660134,0.8649098554092258,8.214285714285714,0.8464004798799081,-0.06684128634535165,1.1291505350068969,10.653788655031121,-0.0414841236957488,0.8107842740169388,0.0497057586878529,-0.10733202138996005,0.8609162140134476,-0.024024321108036498
83.93700262101154,0.3571428571428571,8.271515928588459,0.6090844992804287,0.1867641665724238,0.1536291660206071,2.372605943087661,1.295530618369381,0.7912685251970757,0.7733273302890529,0.971829485621819,0.0,-0.0438572286353983,-0.0852633532002168,-0.2560600987884885,0.025583138933427,0.0062028499971507,0.6894728220070948,0.5661436701840127,1.7806320803927826,1.4677306932162617,0.8844133699023724,-23.8406231773547,0.7457644822819475,0.02905643210890355,0.8560080475031578,0.6847699891436836,0.0363889848169449,30.812153390954183,1.308518528594879,1.519576519942042,26.922537775235188,0.8198812496542143,-7.443446820469654,0.8545714772243717,1.320291867069543,0.733459675589707,-5.46603809924382,0.5909737024973183,10.071428571428571,0.9225880706314318,-0.3175566996229544,1.728600496491661,3.802083928652862,-0.0436916890941178,0.7369989376428,0.0497057586878529,-0.3919421524132038,0.7516371950541512,-0.024024321108036498
54.727791598837776,0.1428571428571428,5.316211646044261,0.8625622930929475,-0.0499847549708925,0.016644265328876848,1.2729867021484456,0.6626953749008709,0.8203472547458234,0.8199611811223816,0.8555313026824667,0.0,0.0338851445264028,-0.0852633532002168,0.0211775669438897,-0.0465098537384451,-0.0881120981904148,0.872865489473646,0.8100805053875462,1.0585745460392355,0.967393515631712,0.8844133699023724,6.766047348645208,0.8617128066106272,0.02905643210890355,0.8560080475031578,0.8154875874501354,0.026066493367060947,11.07711211113273,0.6697794576039914,0.9878819877848204,7.134955233267827,0.8274056287139723,5.425281891596567,0.8677718790118685,0.7198150869018253,0.6061116365642744,15.25397171660134,0.8649098554092258,7.5,0.8464004798799081,-0.06684128634535165,0.7103761921489268,10.653788655031121,-0.0414841236957488,0.8107842740169388,0.0497057586878529,-0.10733202138996005,0.7489658404066271,-0.024024321108036498
83.45741217256845,0.3571428571428571,7.353759961452871,0.8625622930929475,-0.0499847549708925,0.0857303787340777,2.445437438399608,1.0349437376544193,0.6374664180810071,0.4942901843101732,0.7308966607011099,0.0,0.0338851445264028,-0.0852633532002168,0.0,-0.0465098537384451,0.1402827511161264,0.872865489473646,0.6804775012016098,1.5305791020600554,1.4334836637001689,0.8844133699023724,6.766047348645208,0.9117091085311858,0.02905643210890355,0.8560080475031578,0.738904406728244,-0.1255624654261229,11.07711211113273,1.316555514883474,1.2318831519132565,10.526859049446657,0.7900449881506637,30.196095381442586,0.693320564873422,0.9998216411997322,0.5825734870969475,42.71251530036211,0.9410538140517112,9.428571428571429,0.8282543888832041,0.0842064858353471,1.235769041710046,26.629544869402714,-0.2747637383654369,0.773998773980089,0.0497057586878529,-0.10733202138996005,0.9246957350976782,-0.024024321108036498
90.40553129717804,0.5714285714285714,11.749904294672264,0.9266564469474868,-0.3396009790002851,0.01385870382124,3.6551830998112487,2.0030907877709905,0.6777410080320264,0.7404341427482466,0.818469766442217,-0.1154068021505771,-0.1158297422933358,0.0761635278879859,0.0732900234667109,-0.2781723062097717,-0.0358090833376388,0.9090195989271528,1.0020433932053705,2.233268518890175,2.270816618735543,0.9447620942916172,0.7963102346357037,0.9530401356921552,-0.1780521390176007,0.9239415801091224,0.9809391801391542,0.1659360563765852,50.66179267324825,1.136203985712945,1.843210039928571,-17.3986843814797,1.0405565216216142,-22.82284686237941,0.9238941115268596,1.7356114208869655,0.4556007714872792,-17.19994129502033,0.9327155273326602,10.714285714285714,0.836856769757386,-0.279613594566122,2.46980796853464,10.43035747302102,0.0408993845062731,0.7169871914664449,-0.0008862052748298,-0.1130641867354374,1.1463900679838903,0.1108146606528762
81.40004269207259,0.3571428571428571,9.546042740270824,0.8828292543017128,0.0253086105951028,-0.2878377916705401,2.391374212043037,1.454663531571639,0.6372200377568296,0.6925329712023729,0.8536702945890281,-0.0653591319841007,-0.1347001675841356,0.6086619995715782,-0.0078447290460718,0.1223278419214838,-0.0189208430037543,0.7269792458115916,0.7773328853725564,1.5679194962415737,1.5064708235269542,0.8844133699023724,-21.2353001771869,0.8335768689234972,0.02905643210890355,0.9900462210409222,0.7243137625674709,0.2731908912425,-26.44142061037999,1.1941294058291536,1.301909018703443,-57.061098725910405,0.789376235614496,14.853297759679824,0.995948212499673,1.339692431347251,0.7382527182067955,6.700350621247352,0.8339945820889233,10.714285714285714,0.9766495450242362,0.1485194172148292,0.8922882287600203,2.891529328044414,0.2531425902714281,0.6088875506189525,0.0,-0.0373744336883551,0.7055566719470489,-0.024024321108036498
83.18558685013811,0.3571428571428571,11.875584815819677,0.7501622355030152,0.0150930469994823,-0.2121607456929481,2.560818279142086,1.3729399517289609,0.7107245499366313,0.9866919101311838,0.6589276468464872,0.1961977078895957,0.0531584950065814,-0.0422241333136678,0.0847565756764616,0.0368407984677922,0.1360674369203224,0.832253367719231,0.9974633489342616,2.3981999121228084,1.6490267535217558,1.028780829238418,6.01456988470323,0.7315191630650989,0.125856430753029,0.6799423911959532,0.6485240151247339,0.3296885219207288,-3.8203528350008327,1.459911196068126,1.6807214652525997,-44.445294361298416,0.808124574885186,26.1565117929653,0.7879504096624552,1.4135515903230111,0.3575037561280062,-21.209343654165245,0.873237555139791,10.642857142857142,0.9160516273794966,-0.0016110100952638,1.7376229623085715,31.99298520446824,-0.1662956196475039,0.6600588654636791,-0.056288472614944,-0.3314962572613371,0.9153367742951524,0.127225951760216
79.56467922556149,0.2857142857142857,10.375757021561125,0.7680774806297583,0.0391407181503968,0.0194298268365137,2.8347535846029017,1.2546561829787983,0.6448460701900318,0.6687351949695767,0.7764988147941277,0.0,0.0,-0.0852633532002168,0.0592224441898509,-0.0465098537384451,-0.1040014989119847,0.872865489473646,0.8459251039627713,1.831993504107484,1.6674020396263856,0.8844133699023724,128.57142857142858,0.6452677477281025,0.02905643210890355,0.8560080475031578,0.5446219101263228,-0.002377458902368,33.89763552318758,1.321437518291906,1.4823207988563465,6.174281875168861,0.8177742274378587,36.06198454195693,0.8038104556023813,1.2149137946886754,0.7140558648503205,17.54342280219669,0.8889926666065346,9.071428571428571,0.7684197197485084,0.0324861976973351,1.624220977149739,44.85017746066669,-0.2914879383113372,0.7330497187082664,0.0497057586878529,-0.3214777178766945,0.7806412530930595,-0.024024321108036498
64.794360512713,0.0714285714285714,9.15382985695526,0.8625622930929475,-0.0499847549708925,0.016644265328876848,2.177311918113093,1.0258346549212765,0.8203472547458234,0.8199611811223816,0.8555313026824667,0.0,0.0338851445264028,-0.0852633532002168,0.0211775669438897,-0.0465098537384451,-0.0881120981904148,0.872865489473646,0.8100805053875462,1.3691076656111147,1.3174030598669706,0.8844133699023724,6.766047348645208,0.8617128066106272,0.02905643210890355,0.8560080475031578,0.8154875874501354,0.026066493367060947,11.07711211113273,1.0050275745885082,1.4379549543335524,7.134955233267827,0.8274056287139723,5.425281891596567,0.8677718790118685,1.1374951638113515,0.2872072614074318,15.25397171660134,0.8649098554092258,9.571428571428571,0.8464004798799081,-0.06684128634535165,1.3370405879475,10.653788655031121,-0.0414841236957488,0.8107842740169388,0.0497057586878529,-0.10733202138996005,0.8483774204454492,-0.024024321108036498
102.75951816501896,0.8571428571428571,15.040341437395416,0.8202340434577841,-0.3210162973225898,-0.1432179346134116,3.391279643839606,2.194306284042814,0.7756325749879531,0.8482806982321313,0.8803572930323746,0.0268365854985528,0.3156752496451017,-0.2244141943775131,0.0084446114609043,-0.1369676350311254,0.0166494173561799,0.9942768283877738,0.8829139396296801,2.2596477310366594,2.650230700405231,0.8747423417723897,35.53220243757482,0.8997547340213001,-0.1115156908462306,0.7265321461703185,1.1266239628465018,0.3065126460221922,-11.091401480304986,1.8613966042822665,2.16888468392885,-1.1201370560623582,0.9509388104592374,11.821584672455426,1.0603151317229065,1.5257168314550975,0.230571857932653,-45.28942749090498,1.0318812854347124,10.857142857142858,1.0790342102040158,0.1553848973580382,1.612087369466463,-4.619175573274989,-0.506621511385375,0.8684082001734614,-0.1520582401692374,0.3171143198394906,1.0493650629785514,-0.356669786009421
87.54308245651946,0.2857142857142857,12.356360949817368,0.8616022300659666,-0.0327131673446128,0.1694476250994523,3.27957419380282,1.5708242062669795,0.8239506969832233,0.8439036730680077,1.009948423584579,0.1516353367975256,0.0917810129916883,-0.0507685366218582,0.1297429021844767,-0.1448314261658998,0.1210483293529351,0.7077204921041084,0.6222876327994681,2.16657276260914,2.05597626918756,0.922973733220536,30.578262288877117,1.0534981572625408,0.2168490712325002,0.9282893877945269,0.8688942535536428,0.038690674747461,37.16455809540643,1.4755405975945994,1.7901090344747177,19.964759332575152,0.6330307984377571,-8.327954133146275,0.6739475426892697,1.6150758570249522,0.4225650051042894,28.419182550266303,1.197427780973983,11.142857142857142,1.1123399632721953,-0.4172936758832523,2.325318743598486,-33.2101569802028,-0.1923059910566965,0.873319389119436,0.1342935525831727,-0.0556876685969893,0.8821860117728056,-0.1469416342996025
96.62032035493417,0.6428571428571429,12.084588051920276,0.8894337368351677,-0.4153329121199163,0.1711586355463781,3.9174272467000497,1.8486873414958864,0.9832629962585366,0.8702455859333169,0.8191354803980494,0.1655454472731284,0.1101961750536971,-0.0992722092903533,0.0074655421007926,-0.2073382954391371,-0.291928118631322,0.8432647274460473,0.7776197898776412,2.3901096272192777,2.3407402564103603,1.1321057506533432,24.16026976981628,1.218194911835789,0.3761567043212828,0.9854119642626974,0.8854430920872461,0.1097239731887921,-6.1456225681012455,1.4546378934600128,1.8370681873674,38.8498300389739,1.037435749228927,37.330635827983485,0.905039270710928,1.698638175853843,0.7436039710836159,53.52123967459879,1.0646742429386502,10.5,0.7980517233063741,0.1429703464183034,3.6222693351295208,29.72209645956155,-0.372082754342478,0.8931429454500674,0.4646791146310914,-0.3044925540265705,1.0646656383754494,0.2715996115066516
90.98748488008752,0.2142857142857142,8.911956674062404,0.7779824209614574,0.0444603748535028,0.1642502774145156,2.428458727755733,1.2922456672383835,0.7168190826334014,0.739281356536283,0.7761695919710686,0.033490482153935,0.1935170442872411,-0.0585621587735879,0.2262907501391769,-0.3867043903019813,0.1787422733333993,1.072828892877199,0.8573372337558192,1.5676707657301063,1.4315737580900616,0.7077627821970773,52.55959135085341,0.6931429529610715,0.1051532582010274,0.92714024922146,1.0252305731627986,0.2529452981796571,11.07711211113273,0.9517910310767332,1.375259018158108,22.08239647673588,0.7602585810088566,-16.036492595154435,0.8022716499367285,0.9142197035239944,0.3725656109515279,-19.614417595481857,0.6300574399038626,10.285714285714286,0.848087846775769,-0.0921693256330809,1.571561650348847,-52.853955935197696,0.0334007256823044,0.8107842740169388,0.3401858993599819,-0.1015998560444827,0.8774169874858171,-0.1623970744311846
84.0008653009274,0.3571428571428571,9.876700300174653,0.7015044332285857,-0.0740411772959499,-0.0598251038913909,2.896859404295246,1.3778652767303283,1.0541952706130246,0.8199611811223816,0.8258244626757246,0.018185146205918,-0.1740960840178715,0.1560690251992656,0.1230677317943789,0.0199355059432749,-0.3703266002023966,0.6827475491423395,0.7367178998748681,1.943347784145466,1.390394402733834,1.1378831449437723,-32.006762656043904,0.889180567024281,0.0,0.8087685458924608,0.8022105046627004,0.1208910126440868,18.557007963073527,1.2784570205113792,1.2623484564167706,36.21837025975373,0.8168779480437849,15.571716100327706,0.6961531249782996,1.2805320682985926,0.8091228532358733,-42.65168235547899,0.7591266802513109,10.357142857142858,0.6679708535163075,-0.0055251893311245,1.8782999778263707,27.43321022634949,-0.017159588654688,0.6081827559305276,-0.1279654974803949,-0.0741372716768859,0.80052634323633,-0.9586114362600496
89.30234154159628,0.5714285714285714,11.147701218829726,0.935800160698994,-0.3928027984383014,0.0565110200510169,4.0740754668148185,2.048677253679428,0.9733299098628488,1.168695301017573,0.8866684697620124,0.4479000370399585,0.0614811450372779,-0.0212783032026565,0.1343220589085322,-0.0945842455847167,-0.4637139265345267,1.108681329662306,1.0674490493261417,2.6046320695206058,2.2445687083090946,0.8105158862936696,26.75431030896912,0.7689491325701151,-0.1863590718759531,0.7077174777253415,0.9671222584398592,-0.2221070598472553,-69.93487140232804,1.4547594085083062,2.184144113642618,71.33616185724064,1.0115872654343208,24.0550533948676,0.9568661157414567,1.9458590438817431,0.5375521447833472,-22.399011136424747,0.8143349184057217,7.928571428571429,0.9322650677733856,-0.0580626480311047,2.725703590091828,11.517570279598685,-0.3901972917862008,0.8046896347696897,0.1779607197866996,-0.1720084990929881,0.9606680897231652,-0.0591928937260373
91.05223096163073,0.5,9.805286501764554,0.7506879576090973,-0.0471522653115201,-0.0061400723142702,3.016272106714719,1.0162290854342797,0.9426147252129964,0.9890298564207692,0.9062600645778572,-0.1759219670117987,0.0766121939096095,0.1331275433308869,0.2302789899115792,-0.1715120359434842,-0.2985490872742905,0.880308532678075,0.9344180528267152,1.7314596023111206,1.6529719294162792,0.702546231520761,39.78565687988311,0.9908065828239134,-0.002274426945507,0.7979459597531984,0.9107825312435402,0.0743160689652105,7.591702264702184,1.0908984367476326,1.6445330386410313,11.82423675826523,0.6161584955114854,-9.969162179303469,0.7858226262630872,1.3366758607618885,0.1433119689477929,25.783343770122144,0.8940589390926492,11.785714285714286,0.6634912232048741,-0.2159877879647773,1.958241401765252,4.394827880093017,0.099587892813216,0.8460398305749383,0.0344242534113313,0.1615625925148661,0.9950061844097684,0.3815995328294325
83.6484721943766,0.3571428571428571,9.056330831268207,0.955033935637116,-0.3865033557561557,0.0529694612252869,2.690147900706957,1.5012038971782669,0.5541338677503804,0.6012294544080461,0.613389418502612,0.0297171052316808,0.3540532463629239,-0.0852633532002168,-0.0878688804647491,-0.4712774921295499,-0.0208942094811333,0.8541066422763904,0.8758259544192716,2.1033576936779395,1.8695292701956563,0.8844133699023724,71.63461763201967,0.8222896401194849,0.02905643210890355,0.8560080475031578,0.8733085160029824,-0.0321965547826828,-44.27752412519162,0.9695324408077238,1.6868563500501976,-41.90301686522577,0.6533785783928889,5.184298284257126,0.9260414381305152,1.1125523870254903,0.7857128033864225,52.97111031031988,1.044005497167489,9.5,0.6667305669127902,-0.0170736447913954,2.279319722992845,8.76578758230083,0.0139856616965343,0.7124177790069035,0.0497057586878529,-0.2177601542037675,0.962369258402208,-0.024024321108036498
106.02840577410514,0.5714285714285714,14.841344640986744,0.9472144332365732,0.3243834415044984,-0.0326131282720868,4.512190423589606,1.7701802660961854,0.9511759661105896,0.8468837198615324,1.0262568751062038,-0.0199650190792822,0.3769979633814058,-0.2767294671161693,0.3640409192674609,-0.0323755885217634,0.1198275367580042,0.8406107674695196,0.7534877546764358,3.302855428415345,2.2030778866202576,1.152066421670181,50.14649352500818,0.8650505836019142,-0.1760004600023057,0.8163380674602677,0.8930684332026901,0.4163798006868057,13.644215996364007,1.493838207042508,2.316925906059164,0.938549509846309,1.1815040085293478,27.8589437305428,1.0495669731163455,1.3614735476723092,0.2449316640460978,24.4669679508526,1.0804203158155643,11.0,0.7680473820765076,-0.3767540833886442,2.963995603183322,36.737764588956125,-0.0015245687995525,0.9301303604780058,0.2760523069844289,-0.2118088485416898,1.0098912948271497,-0.3507920702177758
82.82673233795356,0.5,8.309855094577433,0.896344399741278,-0.111409764258407,0.1167620819544645,2.709988419661096,1.6819050653655587,0.9788077932761984,0.7444984185033282,0.5181425442682089,0.0,0.3194098183100183,-0.0852633532002168,0.0685186019481777,-0.0465098537384451,-0.3690375657288373,0.872865489473646,0.8819634087543913,1.9604364452883056,1.5183503887350018,0.8844133699023724,32.00228814133157,0.7622004602850733,0.02905643210890355,0.8560080475031578,0.8813452109501281,0.0822239658017752,33.388841397938016,1.0880471657890711,1.4851045770156468,18.4047731696114,0.9231066463797318,27.223280341844845,0.6360368121395934,1.1223813862319811,0.6852742780120353,-31.124205249806685,0.8578795173289351,9.428571428571429,0.8812072282370431,0.1625039150998737,2.213348761936083,-43.3157170974573,-0.2922485574455593,0.949806346652704,0.0497057586878529,0.0693527817852985,0.8197324241940322,-0.024024321108036498
120.3408624933698,0.7857142857142857,11.10823838118416,0.9579170012868266,-0.1906969747655837,-0.0970444494890586,3.434040364928749,1.4909849745505726,0.8745796828184316,0.7887613495565065,0.8468046175821912,0.1598089356383507,0.0496481061527435,0.1629548529257633,0.127956876455125,0.57816717913877,-0.1656407983749726,0.9665377937354034,0.9655458130684372,2.105216097984211,1.986660356544423,0.8651966064097072,45.73476961571113,0.8873785501354978,0.0960279183588933,0.6723255692733925,0.8818125634738074,0.2028310219276986,31.458689277740422,1.3233709562758518,1.8744244818541664,59.45126683200134,0.9453685025351862,17.129531584917423,0.991198068104486,1.4914128960031874,0.2891951996352487,22.94049382887981,0.9378619324492014,11.5,1.0717803580690926,0.0934019959325091,2.6589796126124594,-18.182056721990428,-0.2488670877687505,0.9673710560745672,-0.0557886035769428,0.0788028943905022,0.9458268185224136,0.0070080347707943
56.43123913836042,0.0714285714285714,7.301681132839321,0.8625622930929475,-0.0499847549708925,0.016644265328876848,1.5689066653804582,1.0269783249117832,0.8203472547458234,0.8199611811223816,0.8555313026824667,0.0,0.0338851445264028,-0.0852633532002168,0.0211775669438897,-0.0465098537384451,-0.0881120981904148,0.872865489473646,0.8100805053875462,1.0857579850030974,1.1736777326224073,0.8844133699023724,6.766047348645208,0.8617128066106272,0.02905643210890355,0.8560080475031578,0.8154875874501354,0.026066493367060947,11.07711211113273,0.8893051012215594,1.2436113913676186,7.134955233267827,0.8274056287139723,5.425281891596567,0.8677718790118685,1.0624586037167492,0.8611687859893686,15.25397171660134,0.8649098554092258,9.071428571428571,0.8464004798799081,-0.06684128634535165,0.8315475612470922,10.653788655031121,-0.0414841236957488,0.8107842740169388,0.0497057586878529,-0.10733202138996005,0.7877018971249993,-0.024024321108036498
61.55071229485524,0.1428571428571428,7.433733345714001,0.8625622930929475,-0.0499847549708925,0.016644265328876848,1.450021055811854,1.1630998734142806,0.8203472547458234,0.8199611811223816,0.8555313026824667,0.0,0.0338851445264028,-0.0852633532002168,0.0211775669438897,-0.0465098537384451,-0.0881120981904148,0.872865489473646,0.8100805053875462,1.477030761871198,1.1078860542566231,0.8844133699023724,6.766047348645208,0.8617128066106272,0.02905643210890355,0.8560080475031578,0.8154875874501354,0.026066493367060947,11.07711211113273,0.9770860593532902,1.368258608397819,7.134955233267827,0.8274056287139723,5.425281891596567,0.8677718790118685,0.9829799646996598,0.8055051339520088,15.25397171660134,0.8649098554092258,8.142857142857142,0.8464004798799081,-0.06684128634535165,1.0439706551200263,10.653788655031121,-0.0414841236957488,0.8107842740169388,0.0497057586878529,-0.10733202138996005,0.6496710383722809,-0.024024321108036498
92.28249723424707,0.5,13.46423799212188,0.7671004808129425,0.0583624812634074,-0.05349141961699,3.355635761320847,1.8530513670286075,0.6263111972975032,0.8171020281700112,0.7801639100359493,0.0759266038785033,-0.120461086145098,0.1055525433030955,-0.0777637601425696,0.1298121492956971,-0.0881120981904148,0.7665048540537924,0.7991941631978208,2.234906744192327,2.253002923864333,0.7556732619525484,18.21760241949221,0.7701656893915586,0.3111056674967531,0.7791006318925364,0.6638030542828259,0.1123896389398245,0.6932371632979597,1.541125889176218,2.258658039446788,52.48416547950894,1.022779577529367,0.173265248122501,0.875363950975621,1.6323943282529023,0.6727420504698013,33.706396533617934,0.5800273562923948,10.428571428571429,1.063294109285576,-0.14806035118487,1.959093829438065,-52.68502316220484,-0.1953794708499862,0.9964687764948196,0.0810591419883205,-0.2015130575375815,0.8043657637274537,0.129770583379002
73.65442586450058,0.5714285714285714,7.794344730425239,0.8625622930929475,-0.0499847549708925,-0.0093164087537839,2.473581801564304,1.3626877381953335,0.8203472547458234,0.8199611811223816,0.8555313026824667,0.0,0.0338851445264028,-0.0852633532002168,0.0211775669438897,-0.0465098537384451,-0.0881120981904148,0.872865489473646,0.7802668910749171,1.6695081506131344,1.200204360301569,0.8844133699023724,6.766047348645208,0.6448504188777971,0.02905643210890355,0.8560080475031578,0.9403271912812536,-0.1129054789892385,11.07711211113273,1.1134902916342964,1.0660155885831448,7.134955233267827,0.6758767286861741,5.425281891596567,0.8677718790118685,0.9666527941434486,0.4456987268816948,15.25397171660134,0.8649098554092258,9.571428571428571,0.8464004798799081,-0.06684128634535165,1.367147898974475,10.653788655031121,-0.0414841236957488,0.8107842740169388,0.0497057586878529,-0.10733202138996005,0.7136535671860568,-0.024024321108036498
73.40569367477369,0.1428571428571428,11.64097107069907,0.8625622930929475,-0.0499847549708925,0.0615558045582607,2.2871268365992323,1.445645610964903,0.8203472547458234,0.6622266698863919,0.8678955776451026,0.0,0.0338851445264028,-0.0852633532002168,0.0211775669438897,-0.0465098537384451,-0.0881120981904148,0.872865489473646,0.7859214124302036,1.8906172534640904,1.7677644767687486,0.8844133699023724,6.766047348645208,1.0242785033145756,0.02905643210890355,0.8560080475031578,0.601730710628792,-0.1940912724997634,11.07711211113273,0.926691616451973,1.8563810198733777,1.6627009535228123,0.9579337388075732,57.48001665682766,0.7569217530622139,1.4573081755398956,0.8496634846838014,15.25397171660134,0.6513307023491552,9.642857142857142,0.7580442402663224,-0.0682270942129108,1.3950791018444426,7.936632197959518,-0.0414841236957488,0.6370620821093265,0.0497057586878529,-0.10733202138996005,0.8993774746381125,-0.024024321108036498
78.105135398544,0.3571428571428571,6.919793752599216,0.8625622930929475,-0.0499847549708925,-0.0863978535942914,1.4041341404412262,0.9837227000863183,0.8203472547458234,0.4529326939873118,0.8555313026824667,0.0,0.0338851445264028,-0.0852633532002168,0.0211775669438897,-0.0465098537384451,-0.0881120981904148,0.872865489473646,0.8962710018051335,1.472732180076499,1.2984005604319555,0.8844133699023724,6.766047348645208,0.9456263979581648,0.02905643210890355,0.8560080475031578,0.6349502098761481,-0.3718059102320295,11.07711211113273,1.1258545540446123,1.0752045509957588,9.730165461189983,0.6629827034362803,5.425281891596567,0.8380788119792505,1.072341808551281,0.3774148731293495,15.25397171660134,0.8649098554092258,8.785714285714286,0.685912125782067,-0.06684128634535165,0.8832142470218703,10.87721983704122,-0.0414841236957488,0.7597500080867635,0.0497057586878529,-0.10733202138996005,0.9722457204105034,-0.024024321108036498
75.35742281410808,0.4285714285714285,7.856726789934156,0.8625622930929475,-0.0499847549708925,0.1092705765456551,2.456202116110109,1.2939887116021782,0.8203472547458234,0.8199611811223816,0.8555313026824667,0.0,0.0338851445264028,-0.0852633532002168,0.0211775669438897,-0.0465098537384451,-0.0881120981904148,0.872865489473646,0.7126628418612361,1.5412637834669858,1.7380144055533424,0.8844133699023724,6.766047348645208,0.5885229081672392,0.02905643210890355,0.8560080475031578,0.8019288771398646,-0.1706504349607161,11.07711211113273,1.1981100949177392,1.3155742514286246,7.134955233267827,0.8412906372693036,5.425281891596567,0.6988439458435372,1.0839931376906329,0.5714826871045485,15.25397171660134,0.8649098554092258,9.642857142857142,0.8464004798799081,-0.06684128634535165,1.840797707271601,115.71428571428572,-0.0414841236957488,0.8107842740169388,0.0497057586878529,-0.10733202138996005,0.8062964078821828,-0.024024321108036498
120.79770871787248,0.6428571428571429,13.552592453545303,0.8831161824304858,-0.1798578010292325,0.2661308597149986,3.719341634054103,1.7926816850655138,1.1367577215669329,1.2420070849272824,0.8627652469440156,-0.1335637970925392,0.1381684452021866,0.1760234721062908,-0.2020618847735065,0.0234553478977411,0.0485781055671469,1.0615510724535189,0.955839074901513,2.520333124507597,2.09409562913547,1.0651839027154102,52.70206225274689,0.8393037248585096,-0.0013721181178936,0.9490180194507136,0.7365443399958483,0.0418755149573511,-11.925250987706196,1.4019374749080509,1.807401894317001,52.62986659709702,0.8065658392493538,-45.91147285293625,0.8490851304000727,1.556256553890001,0.5461788198648071,-14.298495654364665,1.0558972030103129,12.5,0.9355668066879792,-0.0197385475444576,2.4243409462091505,23.375655648960077,0.1227945010472915,0.9966565407857032,-0.1025666751299163,0.0633269356070043,1.2028057601075344,0.1404050510968753
61.3764920473804,0.0714285714285714,9.03610443061635,0.8625622930929475,-0.0499847549708925,0.016644265328876848,1.784237723883372,1.415464743526296,0.8203472547458234,0.8199611811223816,0.8555313026824667,0.0,0.0338851445264028,-0.0852633532002168,0.0211775669438897,-0.0465098537384451,-0.0881120981904148,0.872865489473646,0.8100805053875462,1.5940080927435691,1.359185542730877,0.8844133699023724,6.766047348645208,0.8617128066106272,0.02905643210890355,0.8560080475031578,0.8154875874501354,0.026066493367060947,11.07711211113273,0.8840122500705343,1.2631409199499863,7.134955233267827,0.8274056287139723,5.425281891596567,0.8677718790118685,1.1759202886426343,0.1966970977620881,15.25397171660134,0.8649098554092258,10.142857142857142,0.8464004798799081,-0.06684128634535165,1.1016551127542011,10.653788655031121,-0.0414841236957488,0.8107842740169388,0.0497057586878529,-0.10733202138996005,0.7704561355916335,-0.024024321108036498
88.7683441154242,0.5714285714285714,7.389534596758652,1.043339282214556,0.2032625922525313,-0.0991033819461036,2.1455040206493563,1.0759019842106288,0.5726209284332009,0.8278799823158931,0.6072309268503641,-0.4069306255264739,0.0379004371827584,-0.0907361007022394,-0.0223179295132543,0.025930170809494,-0.1508151952605949,0.872865489473646,1.0489719254075778,1.1727978332406754,1.3311278086841534,0.8001949574220367,6.7562347702157775,0.634935127244322,-0.0897721481202258,0.7316928530968531,0.7924145771117838,0.2210571315223135,-33.8456279466256,1.1152746102869138,0.9579196233213334,-20.454106181773025,0.8231413942429308,-36.8219791487352,0.7135546377795139,1.0348872499161987,-0.1219855491938645,-8.142641191428813,0.832901992637355,11.5,0.8206437036784981,0.0250631539075439,1.4392639801666391,25.06814976791872,-0.5784743809102199,0.7550873359756822,0.0557873540458329,0.1072811030377839,0.7956135991766875,-0.2719770729056484
132.70536884137056,1.2857142857142858,14.490801065135098,1.3580856679140336,-0.1300222540882956,0.3386650452822693,3.900011056924967,2.143819693746917,0.934210013376224,0.9880465882565238,0.8420294051219169,-0.1960419323682569,0.2569148126814537,0.0578671322366397,-0.1756917822869578,-0.1770053341550481,0.1066197218253407,1.07703482400444,0.6739270207991533,2.467826358406785,2.3851288417578003,1.0236872195611222,46.680515809089584,1.0002923133610735,0.0908143568546798,0.8285910513744944,1.0724467106995947,0.0819524362467962,-14.494156879717016,1.581952390983277,2.065742628323528,32.675128110352354,1.1959437668745936,-16.026873098936516,1.1244622141487042,1.5243819103701124,0.133192549101291,-34.3332329878466,0.8610450600779338,11.857142857142858,0.9719543164526738,0.0236399709523937,2.385765449383364,-11.148657278716067,0.1163148377190165,1.0424904982102583,0.090024800780771,0.0529480727398867,0.798272284459796,-0.144823635399713
86.52902424067234,0.3571428571428571,8.76570018650203,0.8003820097281816,-0.1828024981302335,-0.0303112855194836,2.755400962102148,1.3455701553305828,0.9182968770637088,0.8993297124280185,0.824269584847578,-0.1266316747809655,0.1429918980130315,-0.0026416101639844,0.1002209450450214,0.1186284614697788,0.0058387566962308,0.7537813540837848,0.800509401920036,1.7566794349844483,1.3305352118060891,0.8953270323767867,-23.9821149548138,0.8815345150542834,0.075168836550338,0.780296101633981,0.6876382512823336,-0.0720302456475444,12.7703609900862,0.8504810398516424,1.5008818952936365,-44.13826944053715,0.8591456242712698,28.12052545589373,0.8543413194874457,1.2949331495377971,0.7169975961286728,35.31502817933537,0.760986351883407,10.142857142857142,0.6616168745049579,-0.0106072234425182,1.967621303598923,6.649845266548338,0.0284034178683638,0.9085298462013064,0.1602871281883244,-0.0359220054060365,0.7920305613501293,0.2924422361807408
150.79033762944323,1.4285714285714286,17.956463489304433,0.998686146928846,-0.3097563606203745,0.1295342608384058,3.970783997321025,2.318578417250708,1.170288963959974,0.7845629218243902,1.2626043386440722,-0.2644593896108277,0.1216813970199821,-0.3196050764923628,-0.4263599499585289,0.0677672515110248,-0.2365035839634032,1.2470749750373753,1.0556976522237451,3.3496064802942227,2.455249227730369,1.1469257546475524,-1.0792817830320884,0.7061887128947334,-0.0734630122172591,1.2525159815831304,1.0618244851524803,0.5501477546533845,3.62391993802692,1.4343245414813175,2.293005498897491,-8.795577238539668,0.9789163713200648,-2.5186115156664783,1.005660989049573,1.9676520993725883,0.2801008789227657,62.95469404206232,1.121120696559598,12.571428571428571,0.943896529106102,-0.0034117624026881,2.715360822971013,40.73872902222089,-0.3241588312876666,0.8361175866893884,-0.0515079112974924,0.0379672543905985,1.2083122996692512,-0.2122866217605434
58.21855784952266,0.0714285714285714,6.542199735978991,0.8625622930929475,-0.0499847549708925,0.016644265328876848,1.759692531233214,0.9118083459693768,0.8203472547458234,0.8199611811223816,0.8555313026824667,0.0,0.0338851445264028,-0.0852633532002168,0.0211775669438897,-0.0465098537384451,-0.0881120981904148,0.872865489473646,0.8100805053875462,1.6017733966894725,1.231071568260462,0.8844133699023724,6.766047348645208,0.8617128066106272,0.02905643210890355,0.8560080475031578,0.8154875874501354,0.026066493367060947,11.07711211113273,0.7461971487369361,1.096807649605818,7.134955233267827,0.8274056287139723,5.425281891596567,0.8677718790118685,0.8085634818480212,0.7811552299285022,15.25397171660134,0.8649098554092258,8.071428571428571,0.8464004798799081,-0.06684128634535165,1.3075047840704574,10.653788655031121,-0.0414841236957488,0.8107842740169388,0.0497057586878529,-0.10733202138996005,0.5969649943443583,-0.024024321108036498
88.87166935480582,0.5714285714285714,8.628183745870972,0.697661454872054,0.0595721374841319,0.0118575069665905,2.821110302379575,1.181672836291767,0.9680611184604908,0.7721366284964856,0.7509897825537417,-0.1313628909650703,-0.1242343470416423,0.2427212511368884,0.2007780488173703,-0.1158569645876711,0.0440823096170431,0.8769104131222376,0.834605765531461,1.8672633450643936,1.6849928387002595,0.7358666560251156,-41.93670315006576,0.8143299724004696,-0.1552924018941152,0.8045421492480174,0.8585915284378697,-0.0271711224394047,-59.81977106818255,1.0458923563750582,1.2903324638244549,-25.362276059735027,0.9505969434544574,47.656492654582216,0.8995072038402501,1.1952117121906292,0.1152742244873256,15.25397171660134,0.6303547822125101,10.142857142857142,0.7388445849737167,-0.1573203931490979,2.0733408932282718,32.497209846922374,-0.2129738019786753,0.9719681000705052,-0.1213007096011494,-0.2190436402516721,0.9496555683398432,-0.1883015056293889
86.95283124353413,0.5714285714285714,11.1694948007514,0.7876002210711721,0.176103969864268,0.0546090303402946,2.3104295908086736,1.359368707647452,0.8038598742417024,0.7941626872876649,0.8559636194447171,0.4867911471736857,0.0178475136502425,-0.3733014077219651,0.1722206979492354,-0.0465098537384451,-0.2312869894344843,0.7716162943798803,0.9903939113218724,1.8404960607169216,1.7679448461288003,0.7129867584236811,-35.198555507109184,0.8679261237894759,0.1376262792274216,0.8425252196359114,0.6968659208926136,0.0132863124520627,-1.9986028578049724,1.2651440042330069,1.5254764708269772,-32.872243731917806,0.7681306908340133,-3.6830293868867785,0.6831304033250571,1.1947117996427026,0.3183926923435564,19.34038635649365,0.941517025686648,11.357142857142858,0.8409639404428058,-0.011379724366977,1.5855361386247664,15.867164476463854,0.1598223724972526,0.6985964172105312,0.0845142022712558,-0.0053922878013864,0.7576078813106586,-0.0046812706756636
91.20532750792124,0.5,8.206283931990653,0.6359393853241067,-0.3036490904672282,0.0076529701652328,1.7464151683836242,1.3109605786830707,0.9130921005532328,0.6873511688102125,0.8701438011493599,-0.1579998820191361,0.0933140358208378,0.219183629961194,0.0437827022046453,-0.1731845043281088,-0.3027090835801724,0.7566392442075973,0.9978443000932096,1.5727870228577117,1.3941300835663402,0.8347720531306783,27.954648364583797,0.9084797440348208,0.172684422496901,1.0463286623586,0.6884647072694747,-0.3916197528411048,-35.03191558583491,1.095709943969608,1.2175624566600614,-22.87327448476128,0.8147127342769199,-31.57794360814284,0.8182767004613142,0.965810667977089,0.12663197307291,27.610458154265736,0.7941224316438031,8.571428571428571,1.0563060336611367,0.5316389017849766,1.1997486570400624,44.01743412029031,0.1798923420328187,0.8046852970826432,0.4486923596154034,-0.0152939060441838,0.8382839578989731,-0.293736096695877
68.39940996178363,0.4285714285714285,8.913679540682205,0.8625622930929475,-0.0499847549708925,0.016644265328876848,1.5527657611420678,1.4392996386951271,0.8203472547458234,0.8199611811223816,0.8555313026824667,0.0,0.0338851445264028,-0.0852633532002168,0.0211775669438897,-0.0465098537384451,-0.0881120981904148,0.872865489473646,0.5410926240556728,1.7837436433219989,1.5062913599406755,0.8844133699023724,6.766047348645208,0.8617128066106272,0.02905643210890355,0.8560080475031578,0.8154875874501354,-0.1232055697141851,11.07711211113273,1.1098449755152524,1.2241656109914658,7.134955233267827,0.3879990731751288,5.425281891596567,0.8677718790118685,1.0763941800885286,0.344464951299881,15.25397171660134,0.8649098554092258,9.928571428571429,0.8464004798799081,-0.06684128634535165,1.1218930359082953,10.653788655031121,-0.0414841236957488,0.8107842740169388,0.0497057586878529,-0.10733202138996005,0.8560945311354614,-0.024024321108036498
96.56709088381524,0.6428571428571429,10.123926619474569,1.0475652681935672,0.0179599380237286,-0.5904966454934689,2.1293181091146,1.283255234195387,0.7565988880649116,0.7978093128533789,0.8470977528603881,0.1137831794905842,-0.0269815466749065,-0.1184797797219034,0.015501843277879,-0.4850057855515214,-0.0375290897988759,0.8782988140096327,0.8130820967698048,1.4028207541174615,1.7302583406743424,0.7597172098855186,-32.45842687049391,0.7379198146616786,-0.157465390540337,1.030358844800239,0.9264029820659444,0.0817853548845321,25.392318231039443,1.203503014170876,1.3450184443214486,-2.526123912901442,0.8422532778819332,-50.62766526201801,0.7195331007711159,1.347863894908916,0.3455952762231136,-12.117797111868276,1.0438809807745844,10.928571428571429,0.7033732408409973,0.060819030963652,1.6018070014300754,10.345702258976056,-0.1305128043258042,0.7998666801723592,0.1519093269521852,0.1708714652802496,0.8370864978001089,0.2297939248644339
90.51698723543204,0.5714285714285714,8.50794744141133,0.7965559946811744,0.0150493270047455,-0.0122326636014235,1.885389645883345,1.1766807576340317,0.6873216946192472,0.6840827086663621,0.6511823787213059,0.1658542453650252,0.3080108844697293,0.2338625479367043,0.1353068337442543,0.2197092697015596,-0.1072621419481675,0.8086024299620733,0.8070789140052874,1.776471602287928,1.4450066744751648,0.8328903452173666,31.68939583246936,0.5838740739313871,0.0940150286400729,0.7556529590821073,0.7258742703804436,-0.1767136610873278,-27.83143546354868,1.189367147505323,1.5598927131852285,11.857853437125128,1.0315440886745952,-5.20217588592947,0.9665454150327868,0.972426078154514,-0.1436550233682947,-7.796650256883952,0.9611206166540754,8.214285714285714,1.0457738148489546,-0.065005133902213,1.1474184281075457,-0.7853300222965893,0.1845470438176026,0.9693001199386576,-0.0124366210236445,-0.1613221607342113,0.8242850727540594,-0.0419459636530497
65.26148351215663,0.2142857142857142,6.251575910959708,0.8625622930929475,-0.0499847549708925,0.016644265328876848,1.7574786470913395,0.6938134549924266,0.8203472547458234,0.8199611811223816,0.8555313026824667,0.0,0.0338851445264028,-0.0852633532002168,0.0211775669438897,-0.0465098537384451,-0.0881120981904148,0.872865489473646,0.8100805053875462,1.076327712437362,1.1677866338912366,0.8844133699023724,6.766047348645208,0.8617128066106272,0.02905643210890355,0.8560080475031578,0.8154875874501354,0.026066493367060947,11.07711211113273,0.8187934492817568,1.2658237370644738,7.134955233267827,0.8274056287139723,5.425281891596567,0.8677718790118685,1.0163488362951687,0.1842775817288488,15.25397171660134,0.8649098554092258,8.357142857142858,0.8464004798799081,-0.06684128634535165,0.9300088424888688,10.653788655031121,-0.0414841236957488,0.8107842740169388,0.0497057586878529,-0.10733202138996005,0.728590928383753,-0.024024321108036498
92.37350856664702,0.4285714285714285,13.709814243371635,0.9404822048308086,-0.2694419108348088,0.0515738714003154,3.397158129490395,1.789100090051009,0.6982054654413944,0.9875496577639656,1.061118499389064,-0.1005652755974088,-0.0048682746936955,-0.2182239008165347,0.0916407129118773,-0.155813829140359,0.1662336718998533,0.8763142390583125,0.8174368852763225,2.426667159498721,2.157026401154857,0.98959449157173,36.253772455714,0.9096508098968644,-0.0371765313995325,1.0063438075049695,0.6445249445346094,-0.1939891132724437,48.87774772074109,1.5114210081267545,1.9651339329599,-49.48993152084453,0.7641916301388544,52.574279452036365,0.9541757430989676,1.331672037985528,0.7479086565540035,23.29923415999536,1.0276603086523042,11.642857142857142,0.7473124562079316,-0.1258092020715576,2.4063936977469345,56.74460990816987,-0.2052006126812222,0.8769525943269986,-0.261586236898469,-0.1933308540791945,0.8747254600397865,0.0889831556364289
80.44667648458689,0.3571428571428571,11.76317483543416,1.0740461821069385,-0.050623444923403,0.0327296185320345,2.81266107957898,1.576250871419083,0.8023542824441651,0.6826397074229,0.8600396141896571,0.1791258946542799,-0.220615755492335,-0.1541205570219557,-0.0482303212096124,0.0746940000745135,-0.222458252162723,0.8739067731732388,0.7770383831130652,1.940025659293696,1.8028157037633648,0.7068575684944433,-18.156149704058897,1.0624831007487798,-0.0964050469137847,0.686675138322094,0.8153491973562127,0.0746137276799104,27.738938496629743,1.0876252295167914,1.4391558735093717,-15.79707445680434,0.836044744655487,-24.59286430864099,0.8601798070481158,1.224098784313416,0.8165082812656567,39.95646956926782,0.8638276334462585,9.214285714285714,0.8759270411761618,0.0774454812814037,1.868196302408656,28.715643121497585,0.2277724991436278,0.9003096240255328,-0.1080209625026291,-0.1486248796963715,0.8385807946988157,-0.260947431567873
81.23243015473615,0.5,7.196638125928755,0.8625622930929475,-0.0499847549708925,0.0959970182145849,2.2479919679368545,1.2861808736302134,0.8203472547458234,0.6853457861485702,0.7543144193013545,0.0,0.0338851445264028,-0.0852633532002168,0.0211775669438897,-0.0465098537384451,-0.0881120981904148,0.872865489473646,0.9297243917395288,1.767561876581366,1.328558701696751,0.8844133699023724,6.766047348645208,0.7657632118147427,0.02905643210890355,0.8560080475031578,0.8156259775440581,-0.2613408168209564,11.07711211113273,1.1947001466602545,1.4280842190466316,-19.99300231446793,0.7151463270057979,33.69339212800223,0.6960940204221043,1.2987434655992145,0.5890405668086377,15.25397171660134,0.8050515516281308,9.357142857142858,0.7137593910238377,-0.1435288551381677,1.8510746196224168,-1.3965955385417377,-0.0414841236957488,0.6787519562798209,0.0497057586878529,-0.10733202138996005,0.7024795874254391,-0.024024321108036498
101.5217876613034,0.7857142857142857,11.250118325342983,0.6682773107214593,0.0187423982128048,-0.1450104398247169,2.789678542787745,1.4309752871636765,1.068260836699409,1.1517755859498826,0.9386057053357884,0.1056129270494094,-0.1778250514554025,-0.2050627597946035,-0.0177877465818713,0.0958739941346351,0.0734997313279476,0.7477484363866769,0.9145683191405738,1.8284267095288824,1.821976266844564,0.8247316479988074,10.33792140736186,1.0329486038732052,-0.0620271037388946,0.7218419750780879,0.7519355737395752,-0.0288291594279892,1.2625855839420552,1.2396626625972296,1.5281779805693192,9.222846877511945,0.919595733937735,-37.68466204101186,0.9254653608478928,1.2733350491849964,0.5464040189318017,11.837980170018218,0.9586845286337466,11.285714285714286,0.9161086242256464,-0.2212423008052737,1.726752569834728,-52.87431215981447,-0.4485010235801064,0.9393111486383708,0.2805496850173571,-0.3269283255828163,1.01225436845213,0.0498243402138392
88.57953419706716,0.2857142857142857,12.57526347687744,0.9151703139080468,-0.0499847549708925,0.0667269777241467,4.177120639497953,1.360950241377479,0.8011126932782483,0.7061679125400088,0.9806397379381718,-0.1603486340320856,-0.1334291163513928,-0.1914122353916318,0.0337386953908255,-0.1997340066724018,-0.0137673120209961,0.8749749957012284,0.7540977936740505,2.539617114356947,2.070071947550045,1.133936062538186,-18.785079704413867,1.1411006801542192,0.0657552139106326,0.8077925827081877,0.7701072558140751,0.0005696006448403,76.04177876789217,1.4173576711191207,1.985804221570193,-24.500027570358863,1.007708682284583,-18.84085260925919,0.6803765507255058,1.9182392715791272,0.4992538806341567,-15.447373753609048,0.8659920773721933,10.642857142857142,0.9814729696650812,-0.301856119126449,2.993812292637294,39.01440549773747,-0.2015950737524014,0.7325962751269818,0.0794607051302884,-0.1288062697294138,0.9783332611712356,-0.2247509363810511
116.21420628947446,1.1428571428571428,17.223830098500752,1.118905032477937,-0.3099101778938012,0.2048347100408169,3.6021728809339417,2.1587665307710084,1.0761562571886594,1.055434701015546,0.933214661775855,0.1212906616446323,0.1312298939844473,0.1061347570091407,0.0650319177129587,-0.4386403387315495,-0.2720239258133561,1.0930552361839845,0.9768680879091028,3.625353271529455,2.660877282716494,0.8342789114333077,-15.159072816885944,0.8820099752667411,0.1190722286233764,0.913762745785377,1.0180313143178903,0.2523586950957422,5.895074373921007,1.8933825011381895,2.404849564475384,45.75515448725678,0.9974698536283736,47.38969103510126,0.9263010077855514,2.1601364163958423,0.7365812310915089,14.38173124216929,0.8421999536795408,12.214285714285714,1.040647701331129,0.2724131442763445,2.3054348781673184,14.874234270232895,0.0391780776627999,0.9243301282847582,-0.1496192948839476,-0.1599402898911749,1.0840085991991322,0.0526773204453516
115.10883608644473,0.7857142857142857,9.574232519376256,0.9089090531170152,0.2292077816174093,0.3710055077051222,2.40288264059484,1.4899802593081777,0.8277432807672199,1.2178301287880111,0.840869281637392,-0.102413508018514,-0.1011797944754736,-0.2793958110747756,-0.144457422383243,0.10905153464692,0.0087901632527061,0.8616159277494961,0.677606414632046,1.698392238080954,1.3953976825898684,0.9234994335696092,-20.67989255699306,1.2399077335759758,0.2055177065546972,1.2742106812153993,1.1173595432217631,0.1906457323991588,-61.62926257975966,1.2535492699439792,1.481546866543665,-52.62207923312396,0.6567567210306314,30.82149541619472,0.8541183720789524,1.3047548598717564,0.1808712560520953,39.54008594361522,0.903791112226183,11.428571428571429,0.8464004798799081,0.1002683903492678,1.9198663812975811,7.0191786935101,-0.3902118898089747,0.9296024742364084,-0.0868912040611319,0.2761554375712093,0.8506039340674508,-0.2060029450456621
78.34277149020996,0.5,8.34089698360638,0.8625622930929475,-0.0499847549708925,0.1045054260428315,1.80819817305029,1.1996571301721315,0.7645070872431675,0.7218905211624467,0.7326072468960616,0.0,0.0338851445264028,-0.0852633532002168,0.0,-0.0465098537384451,0.3836850597672387,0.872865489473646,0.7716862957053044,1.810990556448075,1.187701799682994,0.8844133699023724,6.766047348645208,0.6046006962641274,0.02905643210890355,0.8560080475031578,0.5410178746965827,-0.1369836233271859,11.07711211113273,1.0284806256382628,1.1022876643091324,-35.31506202114527,0.661034977855734,-57.526647949114654,1.1037239852869332,0.9941167523385984,0.6689847137826648,15.79761405448869,0.6954279342987698,9.785714285714286,0.703587175329576,-0.2895489435123957,1.219402959708918,5.831442314020634,0.095611544291451,0.6872262395875651,0.0497057586878529,-0.10733202138996005,0.7880686605734104,-0.024024321108036498
118.6334368201544,0.9285714285714286,13.052587957944812,0.9542818803346732,0.2050286336850749,-0.2224244803826961,3.6529975346238666,1.3491149381137468,0.8203472547458234,1.0295015857910084,0.9115687146620798,0.0146338847156913,0.2135326272270811,0.0187282626277133,0.4256342923324568,-0.150366561577632,-0.2596123861695491,0.9427043143147564,1.0352114471792526,2.094638351283682,1.7502344535087226,1.0455786556019704,1.585229495866162,1.144730876920578,-0.4189537650275624,1.1423349259066573,0.8475173057997459,0.2575220939708796,-8.326857627839852,1.071640955646729,2.2318874780659663,64.85949509284391,0.9616285564216166,-12.64499882580502,0.903690122880178,1.0125706866445288,0.3330911469607868,31.589842615482272,1.2451593193757506,11.428571428571429,0.832806238936122,-0.3645351250972152,1.832436585204433,-12.77931370488173,-0.1565367440078922,0.9131784971539092,0.0311831409610676,0.2369254751973794,1.0032702834761955,0.1887605086655388
75.38710761680575,0.1428571428571428,8.370727501930265,0.8625622930929475,-0.0499847549708925,0.300058078012786,1.8743981249425763,1.0174272061683725,0.8203472547458234,0.8199611811223816,0.8555313026824667,0.0,0.0338851445264028,-0.0852633532002168,0.0211775669438897,-0.0465098537384451,-0.0881120981904148,0.872865489473646,0.7200669378058474,1.5826576702428743,1.891314849427244,0.8844133699023724,6.766047348645208,0.6804812067172409,0.02905643210890355,0.8560080475031578,0.7487631182757497,0.1479698823716362,11.07711211113273,0.9050561865123792,1.3721541125734136,115.71428571428572,0.6885976333632252,5.425281891596567,0.6864008305152351,0.9877865722608636,0.4871603802334582,15.25397171660134,0.8649098554092258,7.714285714285714,0.6381463022718696,-0.06684128634535165,1.3084029144005118,-44.63150869435504,-0.0414841236957488,0.5395493589810153,0.0497057586878529,-0.10733202138996005,0.5944456233587603,-0.024024321108036498
90.49115240293835,0.4285714285714285,10.891913540252997,0.7620998154648538,-0.165974827010664,0.1812209439312301,3.4572239872281623,1.4489234643293811,0.8969237537360898,0.7734693442046989,0.7576051009817645,-0.2262501724735865,0.1099960249632281,-0.1947943648028238,-0.3090996677658542,-0.1466552652164794,-0.0704277217109056,0.7929569910901574,0.7668363998396014,2.009264194562789,1.8394199780892444,0.910713148728676,28.32220137849874,0.8685129440945355,-0.0254112122424701,0.8361852899650698,0.9471722874162848,0.1808073551950659,6.318004949331642,1.2819213830836405,1.5633559708574392,63.34565347143448,0.8138332027931685,-26.996158747161644,0.9452922893327048,1.497648785976867,0.385849161289681,23.055424578581007,0.8469440807397852,11.142857142857142,0.9656636263024256,-0.157450049525972,2.210928655419721,29.63401480912773,-0.3684132593080145,0.8335980392487077,-0.0901357973254063,-0.3109654690416235,0.8435437632267313,-0.189827266672944
88.03127225377716,0.5,11.81331351232618,0.8310128124710043,0.2208696016388494,-0.2077612565932434,3.077512560946101,1.526900780938775,0.7941449989987852,0.900497052132992,0.9707155232823094,0.24675039762071,-0.1172724636541334,-0.1279355472854894,0.2688082725981521,0.1130005831037387,-0.0157954787175759,0.705479694540862,0.8625732887394907,2.008350044842792,1.7280537110915308,1.296332288087499,27.778179293932173,0.8009601685079597,0.1320851208727943,0.8154738478656745,0.9588387563306464,0.1581940404959696,12.800461696926709,1.249380516549224,1.544012590667149,-39.79388182721092,0.7776517603900039,-32.73498874100035,0.8847859323847975,1.153655102543525,0.4272468931610988,45.370503391675065,0.7151344264186272,9.642857142857142,0.7351022994685831,-0.0286437650699198,1.6344708848130112,52.87544835554534,0.5285841828559693,1.1378829340349863,0.0982446891498732,-0.0428526128599266,0.8366740126066011,-0.2026051377503596
61.808937163353015,0.0714285714285714,8.76555066501955,0.8625622930929475,-0.0499847549708925,0.016644265328876848,1.767423873867925,1.2853135164647018,0.8203472547458234,0.8199611811223816,0.8555313026824667,0.0,0.0338851445264028,-0.0852633532002168,0.0211775669438897,-0.0465098537384451,-0.0881120981904148,0.872865489473646,0.8100805053875462,1.6671542705438942,1.3577113721795415,0.8844133699023724,6.766047348645208,0.8617128066106272,0.02905643210890355,0.8560080475031578,0.8154875874501354,0.026066493367060947,11.07711211113273,1.2024735793250318,1.2592676418972568,7.134955233267827,0.8274056287139723,5.425281891596567,0.8677718790118685,1.0833774028468803,0.3093382051034634,15.25397171660134,0.8649098554092258,9.571428571428571,0.8464004798799081,-0.06684128634535165,0.9109292855638428,10.653788655031121,-0.0414841236957488,0.8107842740169388,0.0497057586878529,-0.10733202138996005,0.679041116182166,-0.024024321108036498
59.31584475269619,0.0,5.013337784372608,0.8625622930929475,-0.0499847549708925,0.016644265328876848,1.3062589910058182,0.7973195802064932,0.8203472547458234,0.8199611811223816,0.8555313026824667,0.0,0.0338851445264028,-0.0852633532002168,0.0211775669438897,-0.0465098537384451,-0.0881120981904148,0.872865489473646,0.8100805053875462,0.9085335624480008,0.9461613851252836,0.8844133699023724,6.766047348645208,0.8617128066106272,0.02905643210890355,0.8560080475031578,0.8154875874501354,0.026066493367060947,11.07711211113273,0.9280943825283686,0.8264833408795152,7.134955233267827,0.8274056287139723,5.425281891596567,0.8677718790118685,0.9903261627110368,0.6185138370405705,15.25397171660134,0.8649098554092258,8.285714285714286,0.8464004798799081,-0.06684128634535165,0.7041717989700567,10.653788655031121,-0.0414841236957488,0.8107842740169388,0.0497057586878529,-0.10733202138996005,0.6262870764875339,-0.024024321108036498
142.7484896690403,1.0714285714285714,17.299341162355752,1.1634298314722422,-0.2507491418997482,0.3473505000294025,5.023194422304544,2.3621629832949416,1.1298153632549524,0.915975918218359,0.9791359559525732,0.12877199956898,0.1604517928983827,0.3888160022687389,0.0731950573247135,-0.3216453642043946,-0.479600797175422,1.0142398439329847,0.9588233959785244,3.322161591443596,2.5844939901477155,0.8502341464395738,-2.397053231704092,1.097132479385407,0.0465740452308406,1.07859374803828,1.1945255564510595,0.4326627610909793,28.71320329941292,1.848934990203972,2.1084459106034275,8.286248191177133,1.2559204044437051,13.822531129854507,0.9703933290528516,2.063924183205315,0.4324772823068579,-40.08199934364068,0.8413838800188149,13.214285714285714,0.8735594959641555,-0.0310575294388828,3.294785521013291,2.023318987036681,-0.4280402574978472,1.041946843979047,0.2281796282782018,0.4124182494706784,1.16086039043892,-0.0147559953286091
63.36764645757941,0.2857142857142857,8.487659439118463,0.8625622930929475,-0.0499847549708925,0.016644265328876848,2.265662915022097,1.224172861100472,0.8203472547458234,0.8199611811223816,0.8555313026824667,0.0,0.0338851445264028,-0.0852633532002168,0.0211775669438897,-0.0465098537384451,-0.0881120981904148,0.872865489473646,0.8100805053875462,1.710522554227521,1.2508485926469664,0.8844133699023724,6.766047348645208,0.8617128066106272,0.02905643210890355,0.8560080475031578,0.8154875874501354,0.026066493367060947,11.07711211113273,0.8520080544536767,1.291583285202138,7.134955233267827,0.8274056287139723,5.425281891596567,0.8677718790118685,1.1638848056168043,0.1512319580930299,15.25397171660134,0.8649098554092258,6.642857142857143,0.8464004798799081,-0.06684128634535165,1.2213090338612242,10.653788655031121,-0.0414841236957488,0.8107842740169388,0.0497057586878529,-0.10733202138996005,0.7697973256038898,-0.024024321108036498
112.30764380561672,0.8571428571428571,9.71487453898246,0.9391551733279118,-0.1207425120880997,0.0886570401860638,3.513676348651496,1.468955847585964,0.8990327623140935,1.0540336992416723,0.8909465993042102,-0.5259513686915411,0.429178997400551,0.1453005264883863,-0.1562507090650267,-0.3438326094142802,0.0887208228748634,0.9792004415982472,0.8300253783209374,1.9940904846841163,1.7812007033788109,1.091186236966402,49.49090402152514,0.9943479031968416,-0.3384548361676956,1.0405079625208644,0.8340348365558344,0.0855038700149782,56.1178435082071,1.5730809961558407,1.6233490543863998,21.61450073168167,0.8323971575449134,-46.89080610551826,0.902421154312728,1.3314296821614289,0.2274717817381117,14.551393685898333,0.8904596766383801,9.642857142857142,1.0256218848265184,0.1407260831433021,2.1418117389424505,46.29321153088392,-0.0556619187808833,0.8079073889954563,0.0936041386601461,-0.0733043364541443,0.853552942039322,0.0971884460168099
116.03280777503385,1.0,16.391681550435877,1.2169883111402415,0.0211489667956049,0.007063273715278,4.8676672333477145,2.209110330946007,1.1574803656781765,1.0637033965727476,0.8237048225352747,0.0913137272975691,-0.0930868767837311,-0.3250749050335511,-0.0676469743707742,-0.1146764778370987,0.0482386980241493,0.8409629476390029,0.9399926133221028,3.0713986432132754,2.7702517423052373,0.8772318502330121,29.84892702001829,0.8984203095207913,0.0911965817193851,0.9885477208493476,0.7264217329007188,0.1162640678816809,46.11094825650521,1.543332919604142,2.062814772913092,-7.36241020272734,0.9509457933160652,-13.62408036540891,1.2080189327427038,1.8601049072917943,0.5828700380809323,18.98415639376856,1.078808857668356,12.285714285714286,1.1975274244990026,-0.4331647197493754,2.9995677954873647,-27.091156782140867,-0.0818693692308974,1.3656169752998046,0.1345575260594566,0.0077954352045399,0.9155791287510298,0.520624831229273
138.29609339739736,1.5714285714285714,17.422150153531852,1.0236599425001032,0.3365021213406944,0.1221990715666827,4.361877205953368,2.254596222731506,0.8291687602767379,1.1456962170900016,1.4158777183180014,-0.0200427649105455,0.0502842848645555,-0.3603126620091061,-0.503704199397972,-0.1765790871135887,-0.1350433265970869,0.9119600388517696,0.7498871000023918,2.835775886560828,2.9004189723532035,0.9349490095537446,42.51529483908389,1.191068867498185,-0.1783534418165138,1.002318509809422,0.936518151905964,-0.0967102754444293,-4.6710049125797415,1.7585178623282172,2.6764391206999005,30.43533927669741,1.1034788712857753,-14.07087603503626,1.019589069206154,1.9848591977929628,0.4738776474465539,-1.5136399532559466,1.0053576548653116,12.857142857142858,0.9705713448239528,-0.5878621602610407,3.029357012751296,-25.99400292841892,0.3497274089790118,1.228930236309374,-0.1340704836458496,-0.1208203735986504,1.138123749718788,0.0473420608191188
83.98792084765675,0.3571428571428571,9.937610905917156,0.5996516739717305,-0.2415593216793533,-0.2086210300675404,3.1645372040806703,1.7317394256529657,0.973048842145668,0.6534770087116876,0.8663632530815226,-0.1150244516636473,-0.0938028107559254,-0.0852633532002168,-0.0194347699083304,-0.015721317001006,0.0821157028638118,0.8406132440050272,0.863908545652788,1.8785215380381028,1.838107605786672,0.8508981399898664,-23.326567391261268,0.7677273918727121,0.2186130465965733,0.6385590319952824,0.9519925215157652,-0.1389565548886126,-42.25836873689025,1.1698060876852556,1.7991912191240151,15.839983521880155,0.6486100329639434,-68.20372867510495,0.9121108369250018,1.3413588135750094,0.0770610018289233,-3.925676119846645,0.9462351593789412,10.642857142857142,0.8894902008712652,-0.1075061786451052,2.5225412776471248,-32.15527064353942,-0.1137341125958916,0.7970026769305668,0.1294753850486834,-0.2193535647401734,0.873993109951905,0.0297755283920149
64.14376783784117,0.1428571428571428,8.80026522763978,0.8625622930929475,-0.0499847549708925,0.016644265328876848,2.2403360317840364,1.0598873057287934,0.8203472547458234,0.8199611811223816,0.8555313026824667,0.0,0.0338851445264028,-0.0852633532002168,0.0211775669438897,-0.0465098537384451,-0.0881120981904148,0.872865489473646,0.8100805053875462,1.681076304001524,1.185402901272811,0.8844133699023724,6.766047348645208,0.8617128066106272,0.02905643210890355,0.8560080475031578,0.8154875874501354,0.026066493367060947,11.07711211113273,1.0347141471769392,1.338318337631333,7.134955233267827,0.8274056287139723,5.425281891596567,0.8677718790118685,1.196612687545223,-0.0309337744815948,15.25397171660134,0.8649098554092258,9.071428571428571,0.8464004798799081,-0.06684128634535165,1.3092784609753203,10.653788655031121,-0.0414841236957488,0.8107842740169388,0.0497057586878529,-0.10733202138996005,0.8763647983723425,-0.024024321108036498
76.31120349925175,0.4285714285714285,9.602937177673487,0.8625622930929475,-0.0499847549708925,0.2023697434482019,2.2979377086933725,1.5836311099910938,0.8203472547458234,0.676303270473639,1.0376669950544744,0.0,0.0338851445264028,-0.0852633532002168,0.0211775669438897,-0.0465098537384451,-0.0881120981904148,0.872865489473646,0.5532917076262377,1.8545585151774613,1.5561557266053634,0.8844133699023724,6.766047348645208,0.8638640460402777,0.02905643210890355,0.8560080475031578,0.6548110170667905,0.087482250459126,11.07711211113273,0.9233749271768606,1.4957370364940783,-12.906301748261296,0.9273165398300636,26.145981819487808,0.6818184022584426,1.3330991208933802,0.8453617449048575,15.25397171660134,0.7269123503098861,8.428571428571429,0.891045502151922,-0.0400614663693558,1.4028219313062238,1.0531813301951911,-0.0414841236957488,0.8071407086083681,0.0497057586878529,-0.10733202138996005,0.6411917000892603,-0.024024321108036498
84.65444680968585,0.4285714285714285,9.564754531075298,0.8533038077781855,-0.0770395759375815,0.4462425375989606,2.3426586916945107,1.1476955521104693,0.8197766344327986,0.9806671989455524,0.7776198404002493,-0.2419268263961472,0.0298698518700472,0.3309515191566086,-0.0062688590977194,0.0395660700255022,-0.2316982591544604,0.5243609083167444,0.9001841274204567,1.6557334472813312,1.3621690511807212,0.8082138829174542,38.02459693166793,0.8687425119326155,-0.1922366684653947,0.6996635701498211,0.7921823468270298,-0.1075063371423411,-23.43910490222085,1.2047392562278882,1.879531203601693,50.78934854815613,1.0236329754990698,-12.145805940207442,0.8894472670910727,1.2776561359450656,0.614724364018758,-18.00812937820171,0.8583257552952238,7.571428571428571,0.8580968654241048,-0.032509195630517,1.4528761463380893,42.72253609751141,-0.3282053030413361,0.6994669490793352,-0.129336705206527,0.0258928333763785,1.134256400486296,0.0711483193382556
